id,datetime,created_at,text
982411284892274688,2018-04-07 00:14:37,07-04-2018 00:14:37,Publiquei comunicado em minha página no Facebook(Joaquim Barbosa Gomes)
886793102450724864,2017-07-17 03:42:06,17-07-2017 03:42:06,Reinventar o Brasil https://t.co/zfGmMcf8k4
872662521328611329,2017-06-08 03:52:13,08-06-2017 03:52:13,O TSE pode fazer de conta que a Lava Jato não existe? - JOTA https://t.co/jwhH3QUweN
869259388028157952,2017-05-29 18:29:22,29-05-2017 18:29:22,Diretas talvez fossem uma lufada de ar fresco https://t.co/8IIt6uX2Fe
866891409697243136,2017-05-23 05:39:52,23-05-2017 05:39:52,RT @abranches: Difícil encontrar saída boa para a crise política: https://t.co/FJpu4pEwxO
865480942713847810,2017-05-19 08:15:11,19-05-2017 08:15:11,"Não há outra saída: os brasileiros devem se mobilizar, ir para as ruas e reivindicar com força:  a renúncia imediata de Michel Temer."
865479759525953537,2017-05-19 08:10:29,19-05-2017 08:10:29,"Agora vieram a público as estarrecedoras revelações do sr Joesley Batista sobre o mesmo personagem, Temer. São fatos gravíssimos."
865477714785980416,2017-05-19 08:02:21,19-05-2017 08:02:21,"Nada aconteceu, não é mesmo? Líderes políticos, empresariais, parte da mídia se incumbiram de minimizar a gravidade dos fatos"
865476993046855683,2017-05-19 07:59:29,19-05-2017 07:59:29,"o Palácio do Jaburu para pedir propina a um empresário, seria um motivo forte o bastante para se desencadear um clamor pela sua renúncia"
865476190588370945,2017-05-19 07:56:18,19-05-2017 07:56:18,"Isoladamente, a notícia extraída de um inquérito criminal e veiculada há poucas semanas, de que o sr Michel Temer usou"
861314570668969984,2017-05-07 20:19:30,07-05-2017 20:19:30,"É grande o risco de uma ""coabitação"": a coexistência institucional  entre um presidente e um gabinete de orientações políticas distintas."
861313738506477569,2017-05-07 20:16:12,07-05-2017 20:16:12,O segundo obstáculo: é altamente incerto se conseguirá eleger uma maioria nas eleições legislativas de junho próximo.
861313110401064960,2017-05-07 20:13:42,07-05-2017 20:13:42,"Mas é um jovem inteligente, muito preparado. Aprenderá rapidamente."
861312729797320704,2017-05-07 20:12:11,07-05-2017 20:12:11,a) a pouca experiência em questões de Estado. A gravidade da sua expressão facial no momento do discurso da vitória diz tudo...
861312292981440513,2017-05-07 20:10:27,07-05-2017 20:10:27,"A meu ver, terá 2 grandes dificuldades:"
861312053381914627,2017-05-07 20:09:30,07-05-2017 20:09:30,"Elegeu-se sob a bandeira de um ""movimento"" que ele próprio criou há 1 ano. Até o fim de 2016, ninguém apostaria em sua vitória."
861311382901469184,2017-05-07 20:06:50,07-05-2017 20:06:50,"Independente, avesso aos velhos e carcomidos partidos políticos, ousado, E Macron era há 3 anos um simples assessor da presidência francesa"
861310851235622913,2017-05-07 20:04:43,07-05-2017 20:04:43,"Elegeu à presidência da República, como era esperado, um jovem de apenas 39 anos de idade."
861310453565227008,2017-05-07 20:03:09,07-05-2017 20:03:09,"E não é que essa ""vieille nation"" subitamente resolveu inovar?"
861310159515267073,2017-05-07 20:01:59,07-05-2017 20:01:59,"Uma ""velha nação"", como amam dizer os franceses,  ciosos do papel histórico que o país teve na  formatação institucional do ocidente."
861309001979580416,2017-05-07 19:57:23,07-05-2017 19:57:23,"Quinta/sexta economia mundial, a França é uma das mais antigas e sólidas democracias do planeta, abalada pelos efeitos da globalização"
861308333017501698,2017-05-07 19:54:43,07-05-2017 19:54:43,"Faço-o em razão do conhecidos laços que me unem àquele país. Lá vivi muitos anos, lá tive fiz uma parte importante da minha formação."
861307459465621508,2017-05-07 19:51:15,07-05-2017 19:51:15,"Calado há meses, assistindo à degradação moral, social, política e econômica do nosso belo país, hoje resolvi falar. Sobre a França..."
822260153181491201,2017-01-20 01:51:12,20-01-2017 01:51:12,"Eu tinha grande admiração pelo trabalho que o Teori vinha realizando no Supremo. Fará muita falta ao país, sem dúvida."
822259335795539968,2017-01-20 01:47:57,20-01-2017 01:47:57,"Era um juiz primoroso sobre o qual repousavam, nesse delicado momento por que passa o país, enormes responsabilidades."
822258704347267072,2017-01-20 01:45:26,20-01-2017 01:45:26,Teori ascendeu ao Supremo quando eu exercia a presidência da Corte. Empossei-o no finalzinho de 2012.
822258128876109824,2017-01-20 01:43:09,20-01-2017 01:43:09,"À família, minhas condolências e votos de solidariedade."
822256740909666304,2017-01-20 01:37:38,20-01-2017 01:37:38,Estou  chocado e muito triste com a trágica morte do nosso querido Teori Zavascki.
804650552567234560,2016-12-02 11:36:56,02-12-2016 11:36:56,"De um ""pau mandado"" de grupos e partidos políticos chamado Reinaldo Azevedo. Um idiota que não tem consciência da própria irrelevância."
804649303524380672,2016-12-02 11:31:58,02-12-2016 11:31:58,"Já era esperado, não era? Há um ano eu não dava entrevista. Abri a boca e já apareceu o primeiro ataque. Feroz. De quem?"
804006858507821056,2016-11-30 16:59:07,30-11-2016 16:59:07,"Bem, eu avisei!!!"
771231788777615360,2016-09-01 06:22:41,01-09-2016 06:22:41,"as vozes divergentes tendem a silenciar-se. Ou a serem silenciadas. Desperta, Brasil!"
771231419850895364,2016-09-01 06:21:13,01-09-2016 06:21:13,"É aí que mora o perigo! Numa situação como essa, o errado torna-se certo; o crime vira virtude; nada se pode fazer."
771230596353757184,2016-09-01 06:17:57,01-09-2016 06:17:57,"E a imprensa, a mídia? Sem discrepância! O conservadorismo é a regra!"
771230333094113280,2016-09-01 06:16:54,01-09-2016 06:16:54,"O Congresso, idem. Inteiramente dominado pelas mesmas forças conservadoras."
771229977513603072,2016-09-01 06:15:30,01-09-2016 06:15:30,"Vejamos. A Presidência da República está nas mãos de um homem conservador, ultrapassado, desconectado do país, como aliás sua antecessora"
771229381922467840,2016-09-01 06:13:08,01-09-2016 06:13:08,"Desaparecem algumas ""instâncias de exercício"" da desconfiança: o país está agora sob o controle de um bloco hegemônico incontrastável"
771228727598419968,2016-09-01 06:10:32,01-09-2016 06:10:32,"O que acontece com o Brasil daqui para a frente, após o impeachment tabajara?"
771228180333998081,2016-09-01 06:08:21,01-09-2016 06:08:21,"Ou seja: mais um elemento de desconfiança, muito saudável por sinal."
771227798467862528,2016-09-01 06:06:50,01-09-2016 06:06:50,"1) um poder Judiciário independente 2) uma opinião pública robusta, bem informada, que seja eventualmente apta a ""emparedar"" os políticos"
771227045422469120,2016-09-01 06:03:50,01-09-2016 06:03:50,"Daí a necessidade de ""contrapesos"" adicionais, para ""conter"" as duas forças tendencialmente hegemônicas, oriundas do voto popular:"
771226255999897601,2016-09-01 06:00:42,01-09-2016 06:00:42,"Mas o Congresso, uma assembléia multitudinária, precisa por sua vez ser controlada, pois é enorme e natural a sua inclinação ao abuso."
771225592318431232,2016-09-01 05:58:04,01-09-2016 05:58:04,"que têm como missão principal votar as leis e ""vigiar"" o presidente, isto é, exercer o controle político das suas ações. Desconfiança."
771225006198009856,2016-09-01 05:55:44,01-09-2016 05:55:44,"Funciona assim: o povo ele o presidente, a figura central do sistema; elege igualmente centenas de parlamentares,"
771224290549125121,2016-09-01 05:52:54,01-09-2016 05:52:54,"Simplificando exageradamente, eu diria que é um sistema baseado na ""desconfiança orgânica sistemática"". É só força de expressão, viu?"
771223466502610944,2016-09-01 05:49:37,01-09-2016 05:49:37,"É que o Brasil é um país regido pelo sistema ""presidencialista"" de governo. Em que consiste esse sistema?"
771222923105345536,2016-09-01 05:47:28,01-09-2016 05:47:28,"Uma das consequências mais graves desse ""impeachment tabajara"" reside no ""desequilíbrio estrutural"" que ele provoca."
771222369872416769,2016-09-01 05:45:16,01-09-2016 05:45:16,"Agora, vamos falar de coisa mais séria? As paixões políticas do momento e a debilidade do debate público cegam-nos seriamente. Explico."
771220263073558528,2016-09-01 05:36:53,01-09-2016 05:36:53,"Portanto, a histeria e a cacofonia da imprensa e de alguns políticos sobre o assunto não devem a levar a nada."
771219666341462018,2016-09-01 05:34:31,01-09-2016 05:34:31,"Claro que não. O STF não tem poder para isso. Se tivesse, teria também o poder de reverter a decisão de afastamento. E não tem."
771218992455229440,2016-09-01 05:31:51,01-09-2016 05:31:51,...irá o STF cassar-lhe um direito que os senadores entenderam por bem preservar?
771218428032016388,2016-09-01 05:29:36,01-09-2016 05:29:36,"O raciocínio é simples: se o próprio Senado que a tirou brutalmente do cargo,num segundo momento ""tirou o pé do acelerador"","
771216918204211200,2016-09-01 05:23:36,01-09-2016 05:23:36,"A ""previsão"": acho dificílimo o STF reverter a decisão do Senado de não declarar Dilma inabilitada para o exercício de funções públicas."
771216081188823041,2016-09-01 05:20:16,01-09-2016 05:20:16,"O presidente da Corte limita-se a presidir a sessão, a impor a observância dos ritos e dos direitos processuais do presidente acusado"
771215484406554624,2016-09-01 05:17:54,01-09-2016 05:17:54,"A ""conclusão"": o STF não tem ""responsabilidade"" maior pelo afastamento de Dilma Roussef, como quiseram fazer crer os políticos e jornalistas"
771214537286574080,2016-09-01 05:14:08,01-09-2016 05:14:08,"Portanto, uma ""conclusão"" e uma ""previsão"" se impõem àqueles que analisam o quadro atual sem a paixão política infantil do momento."
771212754468220928,2016-09-01 05:07:03,01-09-2016 05:07:03,"Porque assim quer a Constituição, que confiou ao Senado e não ao STF o processo e o julgamento do PR na matéria."
771211688787845121,2016-09-01 05:02:49,01-09-2016 05:02:49,"Como eu disse, em matéria de impeachment o STF pode pouco. Por que?"
771146024492695552,2016-09-01 00:41:54,01-09-2016 00:41:54,"Entenderam?  Voltarei ao assunto ainda hoje, bem mais tarde. Mas anotem: falo em meu nome, cidadão livre. Ok?"
771145570870321152,2016-09-01 00:40:05,01-09-2016 00:40:05,"Não transfiram a responsabilidade para o STF, que na verdade, em matéria de impeachment, pode fazer pouquíssimo. E fez pouquíssimo."
771145216543817728,2016-09-01 00:38:41,01-09-2016 00:38:41,Assumam as respectivas responsabilidades pelo ato grave que praticaram!
771145009953378304,2016-09-01 00:37:52,01-09-2016 00:37:52,"Mas a responsabilidade perante a Nação é do STF, que  ""avalizou"" , que ""convalidou"" todo o processo! Tenha paciência!"
771144327175241728,2016-09-01 00:35:09,01-09-2016 00:35:09,"Ou seja: os políticos conspiram, fazem suas mutretas, praticam as suas traições habituais, manipulam escancaradamente."
771143905567997952,2016-09-01 00:33:28,01-09-2016 00:33:28,"Era como se estivessem ""jogando toda a responsabilidade"" pelo impeachment nos ombros do STF."
771143619436773376,2016-09-01 00:32:20,01-09-2016 00:32:20,"A todo momento, os políticos e os jornalistas diziam: ""o processo está sendo ""monitorado"", ""todo conduzido"", ""vigiado"" pelo STF."
771142926323908609,2016-09-01 00:29:35,01-09-2016 00:29:35,neste processo de impeachment. Qual a manipulação?
771142732077228032,2016-09-01 00:28:49,01-09-2016 00:28:49,"como profissional do Direito, não posso deixar de mencionar uma manipulação recorrente dos políticos e de muitos jornalistas"
771142176839495680,2016-09-01 00:26:36,01-09-2016 00:26:36,"Gente, o uso de língua estrangeira, numa situação cômica como a do Brasil atualmente, é só um recurso didático. E irônico, claro!"
771130311241568256,2016-08-31 23:39:27,31-08-2016 23:39:27,"Por enquanto, anotem as seguintes expressões na língua de Restif de la Bretonne: ""se défausser"", ""se décharger d'une responsabilité""!!!"
771129741822820356,2016-08-31 23:37:12,31-08-2016 23:37:12,"Hoje ainda voltarei a falar de um aspecto do ""impeachment tabajara"". Uma manipulação dos políticos e dos jornalistas. Aguardem."
771128326979198976,2016-08-31 23:31:34,31-08-2016 23:31:34,"I wanted to say ""they are the driving force in the media, including TV outlets"". I was in a hurry heading to my pilates class..."
771096045375852546,2016-08-31 21:23:18,31-08-2016 21:23:18,"Michel Temer pense qu'un ""coup de baguette juridique"" lui donnera la légitimité. Le pauvre!!!"
771095633017069568,2016-08-31 21:21:39,31-08-2016 21:21:39,But you know what? They do NOT have votes! Just wait a couple of years!
771094477456936961,2016-08-31 21:17:04,31-08-2016 21:17:04,"They are the driving in the media, including TV outlets."
771094233650528256,2016-08-31 21:16:06,31-08-2016 21:16:06,"They dominate Congress. They surround the new president (a politician to be likened to the old Latin American ""caudillos"". kkkkkkkk)"
771093092262899713,2016-08-31 21:11:34,31-08-2016 21:11:34,They took it all!
771093029478277121,2016-08-31 21:11:19,31-08-2016 21:11:19,It's so embarassing! All of a sudden highly conservative political forces took over Brazil.
771091047615229953,2016-08-31 21:03:26,31-08-2016 21:03:26,O homem parece acreditar piamente que terá o respeito e a estima dos brasileiros pelo fato de agora ser presidente. Engana-se.
771090133768609792,2016-08-31 20:59:48,31-08-2016 20:59:48,"Mais patética ainda foi a primeira entrevista do novo presidente do Brasil, Michel Temer. Explico."
771089692968222720,2016-08-31 20:58:03,31-08-2016 20:58:03,"Eu não acompanhei nada desse patético espetáculo que foi o ""impeachment tabajara"" de Dilma Roussef. Não quis perder tempo."
762978843502137346,2016-08-09 11:48:26,09-08-2016 11:48:26,Sanders pede que EUA se posicionem contra impeachment de Dilma https://t.co/TXKp02jynX
757806942341373954,2016-07-26 05:17:09,26-07-2016 05:17:09,Rio 2016 : les coupables lâchetés du CIO https://t.co/QYLcAyg0Mr
755365432450834432,2016-07-19 11:35:27,19-07-2016 11:35:27,I Named My Mixed-Race Daughter for a Slave-Trading Town https://t.co/1bFx7wCzVq
749755879310917632,2016-07-04 00:05:06,04-07-2016 00:05:06,"Arthur Abrantes e Tábata Amaral de Pontes, parabens! Estupendas realizações pessoais, hein? Desejo-lhes muito sucesso."
749460943483072512,2016-07-03 04:33:07,03-07-2016 04:33:07,@paulocoelho I totally agree with you.
749460697273204736,2016-07-03 04:32:09,03-07-2016 04:32:09,"RT @paulocoelho: Dear Mr Colbert, you are right abt our politicians, but be respectful to my country &amp; my people 
https://t.co/ApeLI8jEPa"
749098751810121728,2016-07-02 04:33:54,02-07-2016 04:33:54,RT @o_antagonista: O Brasil é uma piada constante na TV americana - https://t.co/j5ve8jHIvt https://t.co/mbMyc0Kfwi
748859508739440640,2016-07-01 12:43:14,01-07-2016 12:43:14,"If you think Britain is angry and divided, look at the continent | Timothy Garton Ash https://t.co/IzX0b5fpGo"
748841326872031232,2016-07-01 11:30:59,01-07-2016 11:30:59,"Querem ver?o Brexit se resolverá não com a manobra de se refazer o plebiscito, mas com...novas eleições gerais. Anotem."
748840581573607424,2016-07-01 11:28:02,01-07-2016 11:28:02,"Uma bela lição para o Brasil: problemas políticos se resolvem com novas eleições e não com ""arranjos"", com Pax Corrupta! Que pobreza!"
748839524994875392,2016-07-01 11:23:50,01-07-2016 11:23:50,"Mais um terremoto político na Europa, que não para de nos surpreender ultimamente."
748839096383115265,2016-07-01 11:22:07,01-07-2016 11:22:07,"Holzinger enunciou essa frase lapidar ao anunciar a ANULAÇÃO das eleições presidenciais do país, ocorridas em maio último."
748837935080955904,2016-07-01 11:17:31,01-07-2016 11:17:31,"""As eleições são o fundamento da nossa democracia"": frase de Gerhart Holzinger, presidente da Corte Constitucional da Áustria."
748132052038475776,2016-06-29 12:32:35,29-06-2016 12:32:35,Reconstruire l’Europe après le « Brexit » https://t.co/Qa2xhbb0Lx
747999213829636097,2016-06-29 03:44:44,29-06-2016 03:44:44,« Brexit » : l’incroyable impréparation du vainqueur Boris Johnson https://t.co/Y9JeFW1MeI
746947432265572353,2016-06-26 06:05:20,26-06-2016 06:05:20,Columna | Corrupción y política en Argentina; por Héctor E. Schamis https://t.co/JyBITe0v5s
746571295744196608,2016-06-25 05:10:42,25-06-2016 05:10:42,"Pois esses passos decisivos que deram em suas vidas foram facilitados pelas múltiplas ""liberdades"" criadas pelos tratados da União Européia."
746570627591593984,2016-06-25 05:08:02,25-06-2016 05:08:02,O Brexit traz uma monumental perplexidade e insegurança a toda essa gente.
746570327375884288,2016-06-25 05:06:51,25-06-2016 05:06:51,"Que milhares de jovens franceses, espanhóis, alemães se instalaram profissionalmente na Grã Bretanha nos últimos 15 anos?"
746569720489476096,2016-06-25 05:04:26,25-06-2016 05:04:26,"Vc sabia que vivem na Espanha e em Portugal algumas centenas de milhares de ingleses aposentados, que fugiram do clima inóspito de seu país?"
746569250920333312,2016-06-25 05:02:34,25-06-2016 05:02:34,"1) quem viu a deliciosa trilogia de filmes que começou com ""Albergue Espanhol"", com Romain Duris e Audrey Tautou?"
746568655287238657,2016-06-25 05:00:12,25-06-2016 05:00:12,"Parece distante da realidade daqui, mas vou dar um ou dois exemplos de como o gesto tresloucado de Cameron tem potencial de afetar vidas"
746567597915770880,2016-06-25 04:56:00,25-06-2016 04:56:00,"Seus nomes: François Mitterrand, Helmut Kohl, Jacques Delors. Houve outros tbm importantes antes e depois, claro."
746566980531068929,2016-06-25 04:53:33,25-06-2016 04:53:33,Acompanhei de perto durante anos a luta incansável de 3 líderes europeus pela construção da UE tal como ela é hj. Ou era!
746565413329305600,2016-06-25 04:47:19,25-06-2016 04:47:19,"Para os brasileiros, tão alienados, desprovidos de boa informação, uma  lição: o povo conta! Pelo menos  em democracias mais consequentes"
746564110876286977,2016-06-25 04:42:09,25-06-2016 04:42:09,"Mas a votação mexe não só com o projeto dos Cameron. Abala a vida de milhões de pessoas, desestabiliza outros países"
746563490245189632,2016-06-25 04:39:41,25-06-2016 04:39:41,"em 2013, quando cometeu essa ""folie"", não imaginou que ele próprio seria a primeira vítima. Daí o olhar de estupefação de Samantha."
746562669902241792,2016-06-25 04:36:25,25-06-2016 04:36:25,"ao dizer que convocaria um referendo sobre a UE, David Cameron pensou em si próprio, em sua carreira,nas querelas internas do seu partido"
746561346930614273,2016-06-25 04:31:10,25-06-2016 04:31:10,"como um gesto irrefletido, mal calculado de um jovem político no ápice da glória pode afetar a vida de um país, de um continente, de milhões"
746560590387216384,2016-06-25 04:28:09,25-06-2016 04:28:09,"confiram o olhar de incredulidade e desolação de Samantha Cameron, a mulher de David Cameron, na coletiva em que o marido ""jogou a toalha""."
746559920976302080,2016-06-25 04:25:30,25-06-2016 04:25:30,"Enquanto por aqui continuamos ocupados com as nossas ""sujeiras"", o mundo despertou na sexta sob o choque avassalador do ""Brexit"""
740985703887212544,2016-06-09 19:15:33,09-06-2016 19:15:33,« Les préjugés envers les femmes ont joué de manière évidente dans la destitution de Dilma Rousseff » https://t.co/ULfXOUYiJL
740982468728225792,2016-06-09 19:02:41,09-06-2016 19:02:41,L’implosion du système brésilien https://t.co/HtHoIE51Iy via @lemondefr
739678825286631424,2016-06-06 04:42:29,06-06-2016 04:42:29,"Voltarei, portanto, ao assunto. Talvez. Numa outra ""plataforma"", claro."
739678523653246977,2016-06-06 04:41:17,06-06-2016 04:41:17,"A narrativa, as paisagens deslumbrantes do cerrado, o sonho delirante quanto às perspectivas de um país melhor, nada ali me é estranho."
739676795524513792,2016-06-06 04:34:25,06-06-2016 04:34:25,Nasci naquela parte do Brasil. O tempo do filme é o mesmo da minha mais tenra infância. Nada no filme escapa ao meu escrutínio.
739675046738792448,2016-06-06 04:27:28,06-06-2016 04:27:28,"O filme foi feito em 2014, acho. Mas nele você encontrará, incrivelmente, possíveis linhas de análise para o drama nacional de 2016."
739673209113567232,2016-06-06 04:20:10,06-06-2016 04:20:10,...temo que a poderosa mensagem do filme escape à compreensão de muitos. Mas vale a pena ver e rever.
739672708997320705,2016-06-06 04:18:10,06-06-2016 04:18:10,"País embrutecido pelo seu próprio passado, inconsciente de si mesmo, apoucado pelas suas elites dirigentes, temo que"
739671355944226817,2016-06-06 04:12:48,06-06-2016 04:12:48,"Trata-se do magnífico filme ""O Outro Lado do Paraíso"".  Uma aula de Brasil, um ""soco no estômago"" para as pessoas providas de sensibilidade."
739670386242097152,2016-06-06 04:08:57,06-06-2016 04:08:57,Neste domingo em SP eu tive a oportunidade de apreciar uma extraordinária obra de arte produzida em nosso país.
739655837023653888,2016-06-06 03:11:08,06-06-2016 03:11:08,A Way Forward for Brazil https://t.co/PHUYtb64zW via @@jonleeanderson
739108691144802304,2016-06-04 14:56:58,04-06-2016 14:56:58,opponents TO new elections. Sorry.
739107774773264384,2016-06-04 14:53:20,04-06-2016 14:53:20,...all legal obstacles to letting THE PEOPLE make their own decision. That's what democracy is about.
739107067781386240,2016-06-04 14:50:31,04-06-2016 14:50:31,"Mr Greenwald, what the opponents new elections avoid to say is: the resignation of both Ms Roussef and Mr Temer would remove...."
739097348236816384,2016-06-04 14:11:54,04-06-2016 14:11:54,"Para que isso ocorresse, dois ilustres brasileiros teriam que renunciar aos seus interesses pessoais e pensar no país: D Roussef e M Temer"
739093642703437824,2016-06-04 13:57:10,04-06-2016 13:57:10,OCDE diz o que eu venho dizendo  em palestras: só sairemos dessa  crise com eleições presidenciais ainda este ano. Disse-o em 22/4 e 12/5.
739090869681291264,2016-06-04 13:46:09,04-06-2016 13:46:09,"Brasil só sai da crise com eleições, avalia OCDE https://t.co/RwtAMMhr9t"
734884157218816000,2016-05-23 23:10:11,23-05-2016 23:10:11,"Bem, eu avisei!!!"
731358712896602112,2016-05-14 05:41:19,14-05-2016 05:41:19,Editorial | Um Brasil de Temer https://t.co/Jn2zmoCsfJ via @elpais_brasil
731357783048761344,2016-05-14 05:37:38,14-05-2016 05:37:38,Le Brésil en mal de confiance https://t.co/rSxi6TFyw9
729860758260068354,2016-05-10 02:28:59,10-05-2016 02:28:59,Rousseff Impeachment Vote Annulled https://t.co/vu7n9pIR6X
729763978184949761,2016-05-09 20:04:25,09-05-2016 20:04:25,"Pois é. Aí está, exposta ao mundo, a nossa triste e pobrezinha guerra de facções. Um vexame após o outro!"
729762501139795969,2016-05-09 19:58:33,09-05-2016 19:58:33,Alguém se lembra dos tweets que postei há cerca de três semanas?
729762181554831361,2016-05-09 19:57:17,09-05-2016 19:57:17,"Bem, eu avisei!!!"
729712063879254016,2016-05-09 16:38:08,09-05-2016 16:38:08,"Porque ela aponta ""vícios jurídicos"" no rito do processo de impeachment. Ou seja, matéria da alçada do tribunal."
729710779646251010,2016-05-09 16:33:01,09-05-2016 16:33:01,"Dificilmente a inesperada decisão de Waldir Maranhão escapará ao crivo do STF, qualquer que venha a ser o seu desfecho. Por que?"
729709784333717504,2016-05-09 16:29:04,09-05-2016 16:29:04,"Sabem o que mundo inteiro deve estar pensando sobre nós, brasileiros? ""A laughing stock"", muitos devem estar achando..."
728302587892670464,2016-05-05 19:17:22,05-05-2016 19:17:22,"Por que se deliberou deixar de lado as devastadoras revelações da chamada operação ""lava-a-jato""? Procure saber."
728301681784573952,2016-05-05 19:13:46,05-05-2016 19:13:46,Por que dentre as inúmeras acusações feitas à PR se decidiu escolher precisamente esta?
728299910697783296,2016-05-05 19:06:44,05-05-2016 19:06:44,"Em suma: fundamentalmente, penso que a discussão está fora de foco, deslocada. Desde o início. E isso foi proposital. Pergunto:"
728297067257442305,2016-05-05 18:55:26,05-05-2016 18:55:26,"Ela ""abriu o verbo"" contra o deputado Eduardo Cunha, por tê-la privado de poder discutir a integralidade das acusações feitas à PR."
728295718717403140,2016-05-05 18:50:05,05-05-2016 18:50:05,Minha posição encontra-se nas entrelinhas da intervenção feita há pouco pela ótima senadora Simone Tebet. O que disse ela?
728294994759581697,2016-05-05 18:47:12,05-05-2016 18:47:12,Muitos a esta altura  já devem estar pensando que eu tomei uma posição na discussão em curso. Enganam-se. Dou uma pista.
728294257182781441,2016-05-05 18:44:16,05-05-2016 18:44:16,"Eu pergunto: onde estão os ""libre penseurs"" desse imenso e belo país?"
728293830206865408,2016-05-05 18:42:34,05-05-2016 18:42:34,"Se vc defendeu o meu ponto de vista, sua exposição foi genial! Gente, isso é constrangedor!"
728293357559152640,2016-05-05 18:40:42,05-05-2016 18:40:42,"A meu ver, os senadores não os estão ouvindo. Cada grupo se agarra à posição que lhe é mais conveniente.  A coisa está mais ou menos assim:"
728291667959283712,2016-05-05 18:33:59,05-05-2016 18:33:59,"excelentes profissionais até agora se manifestaram, uns em defesa de um pólo da discussão, outros em defesa do outro pólo."
728290921725501440,2016-05-05 18:31:01,05-05-2016 18:31:01,"Paulo Bonavides, Lilian Schwartz, Mary del Priore. Gente capaz de pensar o Brasil e a sociedade brasileira em profundidade."
728290294404423680,2016-05-05 18:28:31,05-05-2016 18:28:31,"consequências tão extraordinárias e ainda largamente desconhecidas, ouvisse gente do porte de José Murilo de Carvalho,"
728289329789976578,2016-05-05 18:24:41,05-05-2016 18:24:41,"Eu adoraria, por exemplo, que o Senado brasileiro, antes de tomar uma decisão de tamanha gravidade e de.."
728287676584054787,2016-05-05 18:18:07,05-05-2016 18:18:07,"Gente do calibre de Laurence Tribe, Bruce Ackerman, Cass Sustein. Profissionais altamente qualificados e  respeitados no mundo inteiro."
728287106406158336,2016-05-05 18:15:51,05-05-2016 18:15:51,"Que tipo de experts? sobretudo constitucionalistas, historiadores constitucionais"
728286504691351552,2016-05-05 18:13:28,05-05-2016 18:13:28,"Mas o Senado americano é cauteloso: além de sopesar cuidadosamente  os argumentos da acusação e da defesa, ouve experts neutros."
728285854872031232,2016-05-05 18:10:53,05-05-2016 18:10:53,"Seu afastamento só ocorrerá se o Senado votar nesse sentido por dois terços dos votos. É a fase chamada ""removal"". Nunca ocorreu."
728284388639789056,2016-05-05 18:05:03,05-05-2016 18:05:03,"A salvaguarda fundamental: ao ser ""impeached"" pela Câmara por dois terços dos votos, o presidente não é afastado do cargo!"
728282942959718405,2016-05-05 17:59:19,05-05-2016 17:59:19,"Dois presidentes sofreram essa ""reprimenda"": Andrew Johnson e Bill Clinton. Vi de pertinho, nos EUA, esse episódio dramático e passional"
728281823118233600,2016-05-05 17:54:52,05-05-2016 17:54:52,"O que significa isso? É uma condenação puramente moral, uma mancha política, uma reprimenda politicamente séria ao presidente."
728281333718470656,2016-05-05 17:52:55,05-05-2016 17:52:55,"Ocorre assim: se a Câmara acolhe por dois terços dos votos as acusações feitas ao Presidente, este é considerado ""impeached""."
728280491841990656,2016-05-05 17:49:34,05-05-2016 17:49:34,"Aqui entra a prudência e a sabedoria de Hamilton, Madison e outros que fundaram a nação norte-americana."
728280141936398337,2016-05-05 17:48:11,05-05-2016 17:48:11,"Esses ""articles of impeachment"" são formulados perante o Senado."
728279816093478912,2016-05-05 17:46:53,05-05-2016 17:46:53,"Ou seja: os deputados votam com a finalidade de decidir se há fundamento para formular ""articles of impeachment"" (acusação) contra o PR."
728279127531327488,2016-05-05 17:44:09,05-05-2016 17:44:09,"Na primeira fase, que transcorre perante a Câmara dos Representantes, examina-se a admissibilidade do processo de impeachment"
728277897803337728,2016-05-05 17:39:16,05-05-2016 17:39:16,Vejam a diferença: o impeachment norte-americano comporta duas fases juridicamente relevantes e conceitualmente distintas
728271796575846400,2016-05-05 17:15:01,05-05-2016 17:15:01,"Em segundo lugar, porque as tais salvaguardas que mencionei sempre funcionaram a contento, e impediram a ocorrência de decisões temerárias"
728270846800875520,2016-05-05 17:11:15,05-05-2016 17:11:15,"Em primeiro lugar, porque lá, desde o nascedouro, sempre houve líderes políticos mais robustos e responsáveis do que os nossos."
728270004299403264,2016-05-05 17:07:54,05-05-2016 17:07:54,"em quase 230 anos de história constitucional, jamais se conseguiu afastar um presidente americano do cargo por impeachment. Por que?"
728268672037494784,2016-05-05 17:02:36,05-05-2016 17:02:36,"O objetivo, claro, era o de preservar a instituição da Presidência da República, o centro de gravidade do sistema presidencial de governo."
728268142099759105,2016-05-05 17:00:30,05-05-2016 17:00:30,"Na sua origem, os EUA, o impeachment se tornou um instituto ""marginal"", secundário. Isto porque lá foram adotadas salvaguardas importantes."
728267230253830144,2016-05-05 16:56:52,05-05-2016 16:56:52,Pois bem. Volto ao impeachment. O Brasil adotou uma versão temerária e perigosa desse instituto. Tento explicar.
728265539102101508,2016-05-05 16:50:09,05-05-2016 16:50:09,"Em qq dos países citados, e até mesmo nas grandes democracias, é duvidoso que algum juiz tenha o desassombro para tomar esse tipo de decisão"
728259406689865728,2016-05-05 16:25:47,05-05-2016 16:25:47,A decisão de hoje do ministro Teori aí está como uma bela demonstração.
728256409196863488,2016-05-05 16:13:52,05-05-2016 16:13:52,"Temos um poder Judiciário robusto e independente, coisa rara entre os membros do grupo de países que citei acima."
728255871877320705,2016-05-05 16:11:44,05-05-2016 16:11:44,"Nós temos a mais sólida e estável democracia da América Latina; entre os chamados países emergentes, nada há de comparável ao que temos aqui"
728254740186968064,2016-05-05 16:07:15,05-05-2016 16:07:15,É que o Brasil de 2016 tem muito mais importância no plano internacional do que tinham os EUA em 1868!
728254268164198400,2016-05-05 16:05:22,05-05-2016 16:05:22,"Provincianos em sua maioria, loucos para assumir as rédeas do poder, nossos líderes não têm dado bola à dimensão internacional da questão."
728253628297969665,2016-05-05 16:02:49,05-05-2016 16:02:49,Pois bem.  Reflitamos um pouquinho sobre a nossa realidade em 2016.
728252887596466177,2016-05-05 15:59:53,05-05-2016 15:59:53,"O que disseram em 1868 alguns líderes políticos contrários ao impeachment de Johnson: ""não queremos a ""mexicanization"" do nosso país!"
728252212196085761,2016-05-05 15:57:12,05-05-2016 15:57:12,"Notem algo importante: os EUA em 1868 ainda eram um ""anão político"" na cena internacional! Longe de ter o poder e a influência que tem hoje."
728251188232241153,2016-05-05 15:53:08,05-05-2016 15:53:08,"Johnson se salvou por um voto, mas a instituição da Presidência saiu mortalmente ferida do episódio. Levou décadas para se recuperar."
728250209415892992,2016-05-05 15:49:14,05-05-2016 15:49:14,O motivo ostensivo era de uma frivolidade atroz: a exoneração de um ministro de Estado sem autorização do Senado.
728249553670000641,2016-05-05 15:46:38,05-05-2016 15:46:38,"Em 1868, tentou-se destituir via impeachment o presidente Andrew Johnson dos EUA, por dois motivos: um ostensivo e outro, oculto."
728247498440052736,2016-05-05 15:38:28,05-05-2016 15:38:28,"Tomo um caminho tortuoso, propositalmente. Adoto a perspectiva comparativa, baseada no fato de que o Brasil não é uma republiqueta qualquer."
728246463009062912,2016-05-05 15:34:21,05-05-2016 15:34:21,o leguleio incompreensível em curso no Senado nos ultimos dias só serve a um propósito: esconder do grande público questões fundamentais.
728245374381654016,2016-05-05 15:30:02,05-05-2016 15:30:02,"Qual era o maior temor de Hamilton em relação ao processo de impeachment? ""the demon of faction""!"
728244780849897472,2016-05-05 15:27:40,05-05-2016 15:27:40,É bonito citar Hamilton! Mas Hamilton e outros constituintes de 1787 tinham justificado temor quanto a certos aspectos do impeachment.
728243746467393540,2016-05-05 15:23:33,05-05-2016 15:23:33,"Hamilton era um gênio, uma das mentes poderosas na origem da criação das instituições que moldaram os EUA, copiadas pelo Brasil."
728241961681993728,2016-05-05 15:16:28,05-05-2016 15:16:28,Por exemplo: o senador Anastasia é jurista de primeira ordem. Adorei quando ele trouxe ao debate a opinião de Alexander Hamilton.
728241153473130496,2016-05-05 15:13:15,05-05-2016 15:13:15,"Isso não me impede, porém, de indicar algumas pistas, apontar certos deslizes, chamar a atenção para possíveis consequências"
728240346413600768,2016-05-05 15:10:03,05-05-2016 15:10:03,"embora haja questões que me incomodem profundamente no atual processo de impeachment, resolvi não participar do debate."
728239442352345088,2016-05-05 15:06:27,05-05-2016 15:06:27,"afastado há quase dois da vida pública, sou hoje um cidadão plenamente livre, um profissional de mercado"
728230782347653122,2016-05-05 14:32:03,05-05-2016 14:32:03,o ministro Teori acaba de tomar uma das mais extraordinárias e corajosas decisões da história político-judiciária do Brasil
727600333220945920,2016-05-03 20:46:52,03-05-2016 20:46:52,"Collor teria feito a seguinte observação, segundo o depoimento do ministro Sydney: uma ação de despejo pode durar vários meses na Justiça..."
727599223504506882,2016-05-03 20:42:27,03-05-2016 20:42:27,"Na entrevista, é lembrado que o presidente Collor de Mello teria reclamado da curta duração do seu processo no Senado: 2 meses!"
727598459113590786,2016-05-03 20:39:25,03-05-2016 20:39:25,"Para os que não sabem, o ministro Sanches presidiu o Senado Federal durante o processo de impeachment do Presidente Collor de Mello."
727597943080009728,2016-05-03 20:37:22,03-05-2016 20:37:22,"Sobre o ""impeachment"": recomendo a leitura da saborosa entrevista do ministro Sydney Sanches na coleção ""História Oral do STF"", FGV."
727299079198412802,2016-05-03 00:49:47,03-05-2016 00:49:47,"O poder do dinheiro é a maior ameaça à democracia, diz Fukuyama https://t.co/QAUXCWJUKz"
726902150593392640,2016-05-01 22:32:32,01-05-2016 22:32:32,Brazil President Facing Impeachment Has Alienated Many Allies https://t.co/v8Tc8BWnMn
726524981224562688,2016-04-30 21:33:48,30-04-2016 21:33:48,"Tribuna | Impeachment: ritos, sussurros e um lugar na história; por El País https://t.co/lcYGPUF7Ty via @elpais_brasil"
724066159599988736,2016-04-24 02:43:19,24-04-2016 02:43:19,Vidéo - Replay - Si le Brésil s’effondrait... - C dans l'air  https://t.co/AQXhgraGXP
724063969166647296,2016-04-24 02:34:37,24-04-2016 02:34:37,Entrevista | Murilo de Carvalho: “A ‘política do ódio’ se generalizou. Não há inocentes” https://t.co/0jIFmnOiWU via @elpais_brasil
723021064989728769,2016-04-21 05:30:29,21-04-2016 05:30:29,"Recomendo: buscar na web o programa ""Cdans l'air"", de France5 TV. O título: Si le Brésil s'éffondrait"
723000025488482304,2016-04-21 04:06:53,21-04-2016 04:06:53,"Falo especialmente de James Madison e Alexander Hamilton (v. o excepcional ""Hamilton"", de Ron Chernow). Bem, inté!"
722998900567740416,2016-04-21 04:02:25,21-04-2016 04:02:25,"Foi concebido por pessoas que criavam normas para o presente, mas pensando na sua aplicabilidade no futuro, algumas gerações à frente"
722997474646958080,2016-04-21 03:56:45,21-04-2016 03:56:45,"Tenham em mente: impeachment foi concebido POR e PARA uma sociedade de antanho, em que ainda predominavam as ""guerras de facções""."
722996526079967232,2016-04-21 03:52:59,21-04-2016 03:52:59,"Regenerador em alguns casos, mas em outros pode se revelar destrutivo, convulsivo, provocador de ""rachas"" duradouros na sociedade"
722995625688743936,2016-04-21 03:49:24,21-04-2016 03:49:24,"Impeachment é uma bomba! É um mecanismo legítimo, mas traumático; necessário, mas deve ser usado com precisão quase científica"
722994164116414464,2016-04-21 03:43:35,21-04-2016 03:43:35,"Mas o que pouca gente sabe, e os que sabem fingem não saber, é o seguinte:"
722993884486373376,2016-04-21 03:42:29,21-04-2016 03:42:29,"É previsto na nossa Constituição, em uma lei federal e em normas regimentais da Câmara e do Senado."
722993345170182144,2016-04-21 03:40:20,21-04-2016 03:40:20,Impeachment é uma formidável ferramenta contramajoritária. É inerente ao próprio sistema presidencial de governo
722992596558209024,2016-04-21 03:37:22,21-04-2016 03:37:22,"Esses, sim, já sabem o que eu vou dizer em Floripa. Por enquanto, só um aperitivo:"
722991970319241216,2016-04-21 03:34:52,21-04-2016 03:34:52,Os que me ouviram em algumas conferências que proferi Brasil afora nos últimos meses;
722991414825590784,2016-04-21 03:32:40,21-04-2016 03:32:40,"Os que se recusam a abordar o direito constitucional e a ciência política como se fossem uma criação autóctona, chã e provinciana;"
722990686451163136,2016-04-21 03:29:46,21-04-2016 03:29:46,"Os que privam da minha intimidade, os que observaram e analisaram meu modo de pensar e de tomar decisões;"
722988508248461312,2016-04-21 03:21:07,21-04-2016 03:21:07,"Na sexta falarei ""umas palavrinhas"" sobre o drama político-constitucional atual, numa palestra que proferirei em Florianópolis"
722281955065270272,2016-04-19 04:33:32,19-04-2016 04:33:32,Anotem: ainda teremos outras razões para sentir vergonha de nós mesmos em toda essa história.
722281276208754689,2016-04-19 04:30:50,19-04-2016 04:30:50,É de chorar de vergonha! Simplesmente patético!
722280422835662849,2016-04-19 04:27:26,19-04-2016 04:27:26,"Na matéria, a revista traz a lista das ""justificativas de voto"" dos senhores deputados."
722279622730203136,2016-04-19 04:24:16,19-04-2016 04:24:16,"Recomendo igualmente a leitura de matéria publicada pela ""The Economist"" sobre a votação de domingo na Câmara"
722279024907718656,2016-04-19 04:21:53,19-04-2016 04:21:53,"Nesse vídeo você vai ver algo raro na imprensa brasileira hj: informação objetiva, clara, sem viés político."
722277982480515072,2016-04-19 04:17:44,19-04-2016 04:17:44,"Recomendo o vídeo da excelente entrevista concedida pelo jornalista Glenn Greenwald a Christiane Amanpour, da CNN"
717739852767313920,2016-04-06 15:44:50,06-04-2016 15:44:50,"Anotem: a coisa não vai parar aí, pois já fui instado a prestar esclarecimentos a correspondentes de outros jornais estrangeiros. A ver."
717739072874278916,2016-04-06 15:41:44,06-04-2016 15:41:44,"Pois é. É dessa forma que a Folha prossegue na sua já conhecida trajetória de destruir pessoas, de arruinar carreiras e negócios."
717738635500589056,2016-04-06 15:40:00,06-04-2016 15:40:00,"Nenhuma retratação, nenhum pedido de desculpas, nem mesmo uma envergonhada  inserção no burocrático ""Erramos""!!!"
717737577005117441,2016-04-06 15:35:47,06-04-2016 15:35:47,"Ou seja: nenhuma alusão à decisão ""política"" covarde de associar meu nome ao de pessoas acusadas de crimes graves."
717736663586324480,2016-04-06 15:32:10,06-04-2016 15:32:10,"Num texto curto e evasivo publicado na terça, 5/4, o jornal se limitou a dizer: ""Joaquim nega dívida em imóvel dos EUA""."
717734758378311680,2016-04-06 15:24:35,06-04-2016 15:24:35,"O que fez a  FSP para reparar o erro que cometeu e o dano irreparável que me causou? Na prática, nada!!!"
717734286909161472,2016-04-06 15:22:43,06-04-2016 15:22:43,https://t.co/lS5cUJ1XWQ
717734232748113921,2016-04-06 15:22:30,06-04-2016 15:22:30,"Posto aqui a íntegra do texto que enviei à FSP e uma cópia do documento que comprova que a tal taxa foi, sim, paga em 2012:"
717730804160466944,2016-04-06 15:08:53,06-04-2016 15:08:53,"Mais: enviei-lhe o link do site do condado de Miami-Dade, no qual se lê claramente que a tal taxa foi paga e que não há nada pendente."
717730006630326273,2016-04-06 15:05:43,06-04-2016 15:05:43,Eu procurei na segunda à tarde o Editor Executivo da FSP. Enviei-lhe texto no qual em suma eu negava os fatos.
717729344626561025,2016-04-06 15:03:05,06-04-2016 15:03:05,Pasmem! A mesma informação inverídica veiculada pelo Miami Herald: o não pagamento à Florida da tal taxa de 2.000 dólares
717728768786350080,2016-04-06 15:00:47,06-04-2016 15:00:47,O que de concreto levou a FSP a associar minha imagem  aos temas da reportagem?
717728245383372801,2016-04-06 14:58:43,06-04-2016 14:58:43,"O outro é apenas investigado, responde a um inquérito policial."
717728032086167556,2016-04-06 14:57:52,06-04-2016 14:57:52,Dos suspeitos aos quais a FSP me associou pode-se dizer: um já é reu em ação por crimes de corrupção e lavagem de dinheiro;
717727217996996608,2016-04-06 14:54:38,06-04-2016 14:54:38,"correção: ""e do seu irreprimível ânimo destrutivo"". É a pressa""!"
717726456600797184,2016-04-06 14:51:36,06-04-2016 14:51:36,"Useiro e vezeiro, o jornal mais uma vez se vale da sua costumeira má-fé, do desejo de manipulação e da sua irreprimível ânimo destrutivo."
717725607078072320,2016-04-06 14:48:14,06-04-2016 14:48:14,"À p 9 da edição de 4/4, inseriu foto minha ao lado da de dois políticos suspeitos da prática dos crimes de corrupção e lavagem de dinheiro"
717724629608087552,2016-04-06 14:44:21,06-04-2016 14:44:21,"2) pior fez  a Folha de S.Paulo. Aproveitando o ""gancho"" do ""Panama Papers"" e a ""cloaca"" institucional brasileira, o jornal se superou."
717723269416239104,2016-04-06 14:38:56,06-04-2016 14:38:56,1) o jornal Miami Herald acusou-me de não ter pago uma taxa de 2.000 dólares. Mentira! A Justiça americana resolverá.
717722710458163201,2016-04-06 14:36:43,06-04-2016 14:36:43,"Como se sabe, no domingo veio à tona o escândalo ""Panama Papers"".  Irresponsavelmente, tentaram me associar-me ao caso:"
717720823071641601,2016-04-06 14:29:13,06-04-2016 14:29:13,Falo do jornal Folha de S. Paulo. Explico.
717720087462023168,2016-04-06 14:26:18,06-04-2016 14:26:18,Retomo o tema dos últimos tuítes. Agora para expor caso claro de irresponsabilidade jornalística com objetivo de causar danos às pessoas.
716804875594702848,2016-04-04 01:49:34,04-04-2016 01:49:34,Saiu diretamente da minha conta no Banco do Brasil em Brasília para a conta da empresa que preparou a transação em Miami. É só.
716804219794288644,2016-04-04 01:46:58,04-04-2016 01:46:58,"Última informação importante: o dinheiro da transação foi fruto do meu trabalho e da minha capacidade de poupar, de investir."
716803611322368002,2016-04-04 01:44:33,04-04-2016 01:44:33,Lembrete: 335.000 dólares no início de 2012 equivaliam a pouco mais de 600.000 reais!!!
716803156462735360,2016-04-04 01:42:44,04-04-2016 01:42:44,"uma pessoa com uma história profissional como a minha não teria ""cacife"" financeiro para comprar um apartamento de 335.000 dólares?"
716802405774569474,2016-04-04 01:39:45,04-04-2016 01:39:45,"Paralelamente, exerci o magistério superior,ora na esfera pública ora na privada. Daí a pergunta:"
716801750037110784,2016-04-04 01:37:09,04-04-2016 01:37:09,"Informações úteis: exerci cargos públicos por mais de 4 décadas; 2 deles somaram mais de 30 anos, com remuneraçao elevada p nossa realidade."
716800012253065216,2016-04-04 01:30:15,04-04-2016 01:30:15,"Pergunto: em que se baseia a reportagem? Em disse-me-disse, em ""commérage"", ""gossip"", fofoca."
716799277578719232,2016-04-04 01:27:19,04-04-2016 01:27:19,"A má-fé do repórter está exposta na própria matéria: um funcionário da Flórida disse-lhe que não comentaria o assunto, diz o texto."
716798553469927425,2016-04-04 01:24:27,04-04-2016 01:24:27,"Elas enviam todos os anos ao Brasil o boleto do ""IPTU"" local. Por que não enviariam essa ""dolorosa"" de 2.000 pratas?"
716797760075378688,2016-04-04 01:21:18,04-04-2016 01:21:18,"É simples: se eu devesse, será que as autoridades fiscais da Flórida já nao teriam me enviado a ""fatura""?"
716797248840011777,2016-04-04 01:19:16,04-04-2016 01:19:16,O repórter insiste na informação de que eu devo a quantia de cerca de 2.000 dólares ao fisco americano. Francamente!
716796618985639936,2016-04-04 01:16:46,04-04-2016 01:16:46,"Informei isso ao repórter, que não deu bola. O mais importante para ele, provavelmente, era fazer o barulho de sempre."
716796087659601924,2016-04-04 01:14:39,04-04-2016 01:14:39,"Por outro lado, pago religiosamente ao Fisco da Flórida, anualmente, os impostos incidentes sobre o imóvel."
716793543101169664,2016-04-04 01:04:32,04-04-2016 01:04:32,"A transação foi informada à Receita Federal no tempo devido. Desde então, consta de todas as minhas declarações de IR."
716792383371939844,2016-04-04 00:59:56,04-04-2016 00:59:56,"Para essa finalidade, tornei-me titular de duas pessoas jurídicas estrangeiras.As razões são óbvias: fiscais e sucessórias."
716791490081603584,2016-04-04 00:56:23,04-04-2016 00:56:23,"Comprei-o em 2012 pela soma de 335.000 dólares, como esclareci na época das reportagens."
716791101286428673,2016-04-04 00:54:50,04-04-2016 00:54:50,"Mas respondo: sou sim proprietário de um bonito apartamento de 73 m2 na cidade de Miami, Flórida."
716790181412675585,2016-04-04 00:51:11,04-04-2016 00:51:11,"Hoje nao tenho mais vida pública, trabalho no mundo privado como advogado e conferencista. Poderia simplesmente calar-me."
716787412324773888,2016-04-04 00:40:11,04-04-2016 00:40:11,"Qual era o investimento? A compra de um pequeno apartamento em Miami, no estado norte-americano da Flórida."
716786921779945472,2016-04-04 00:38:14,04-04-2016 00:38:14,Em 2013 alguns jornais brasileiros noticiaram com o habitual estardalhaço uma ótima opção de investimento que eu fizera em 2012.
711589603749339136,2016-03-20 16:25:56,20-03-2016 16:25:56,Comunicado: não é minha a voz contida em áudio veiculado em redes sociais desde ontem. É falsificação pura. JB.
711082988910583809,2016-03-19 06:52:50,19-03-2016 06:52:50,"José Mujica: ""Si a la izquierda le toca perder terreno, que lo pierda y aprenda"" https://t.co/GMzFmtW1vS"
709085601946050562,2016-03-13 18:35:56,13-03-2016 18:35:56,Povo na rua! Esta é a única saída para o impasse em que os nossos dirigentes políticos nos colocou. Só daí poderá vir alguma solução.
700066189092003840,2016-02-17 21:16:00,17-02-2016 21:16:00,What Would Scalia Want in His Successor? A Dissent Offers Clues https://t.co/ZalBYu62PH
699392304243679234,2016-02-16 00:38:14,16-02-2016 00:38:14,RT @tbsorrentino: https://t.co/ha8BzzP84a @joaquimboficial
669633492066680832,2015-11-25 21:47:20,25-11-2015 21:47:20,"A depender do que venha a decidir, o Senado poderá: 1) autodestruir-se institucionalmente 2) jogar uma pá de cal na nossa jovem democracia"
669632499153297409,2015-11-25 21:43:23,25-11-2015 21:43:23,Estão em jogo no Senado esta noite duas cruciais instituições da democracia moderna: 1) rule of law 2) political accountability
661740302168911873,2015-11-04 03:02:37,04-11-2015 03:02:37,"""Simon Bolivar"", Por Marie Arana. Uma ótima biografia."
651464710462799872,2015-10-06 18:31:05,06-10-2015 18:31:05,"Dá para levar essa gente a sério? Não dá, né?"
651464493558575104,2015-10-06 18:30:13,06-10-2015 18:30:13,"b)  contra o presidente de uma das Casas do Congresso há acusações de crimes graves, mas ele é apoiadíssimo pelo PSDB!"
651462784941715456,2015-10-06 18:23:26,06-10-2015 18:23:26,"Notem  o comportamento dos políticos: a) nossa economia está aos frangalhos, mas eles só pensam numa coisa: no dinheiro das empresas!"
641969997036826624,2015-09-10 13:42:29,10-09-2015 13:42:29,"Mas como todos nós sabemos, é sonhar demais, não é mesmo?"
641969565606539268,2015-09-10 13:40:46,10-09-2015 13:40:46,"um presidente com lucidez política  e clara visão do Estado e da sociedade, não hesitaria  em exercer o poder de veto http://t.co/BPgfPVOcUD"
641800070854234112,2015-09-10 02:27:15,10-09-2015 02:27:15,"Agora está tudo muito claro, né? Vc já sabe: o que a maioria dos políticos (não todos, claro) quer é: dinheiro, dinheiro, dinheiro!!!"
641799529260519424,2015-09-10 02:25:06,10-09-2015 02:25:06,Pois é. Em poucos dias os ilustres deputados derrubaram a saudável proibição do desvio de dinheiro das empresas para políticos e partidos.
639301842443309056,2015-09-03 05:00:11,03-09-2015 05:00:11,Doação a partidos  é escolha que deve ficar circunscrita à esfera individual: é expressão das preferências político-ideológicas do cidadão
639301000885571584,2015-09-03 04:56:50,03-09-2015 04:56:50,"Por que  num país com tanta miséria, onde os salários são tão baixos, empresas encontram meios de doar bilhões a políticos e a partidos?"
639299755714215936,2015-09-03 04:51:54,03-09-2015 04:51:54,uma boa notícia: o Senado rechaçou projeto sobre financiamento de partidos e de campanhas políticas por empresas privadas. Alvíssaras!
627978979471921152,2015-08-02 23:07:10,02-08-2015 23:07:10,RT @FukuyamaFrancis: The Origins of Political Order: Review of Francis Fukuyama’s impressive history of the state http://t.co/cfEAqyHXAH vi…
626561764243709952,2015-07-30 01:15:40,30-07-2015 01:15:40,"Dica show Rio: Pepeu Gomes&amp;Trio Manari no Teatro Rival. Ritmos amazônico, caribenho, africano, baiano e a fantástica guitarra de Pepeu."
626230551888953344,2015-07-29 03:19:33,29-07-2015 03:19:33,"RT @amilcartavares: Por falar em extremismos: ""Como Netanyahu estraga a política externa de Israel?"" ~&gt; http://t.co/7fsocAzQsa (via @gugach…"
625903117436100608,2015-07-28 05:38:26,28-07-2015 05:38:26,Concluindo: façam um paralelo entre a turbulência parlamentar vivenciada pelo Brasil no primeiro semestre de 2015 e o que aconteceria se...
625901753259683840,2015-07-28 05:33:01,28-07-2015 05:33:01,"Por que tentar rediscutir esse assunto? Definitivamente, acho isso uma ""tontería"". Kkkkk"
625900817778896896,2015-07-28 05:29:18,28-07-2015 05:29:18,"O Brasil teve uma brevíssima experiência parlamentarista entre 1961 e 1963, em momento de crise. Em 1993 o povo rechaçou esse sistema."
625900050372292608,2015-07-28 05:26:15,28-07-2015 05:26:15,"Quando a França experimentou aquele longo período parlamentarista, não raramente os homens de maior envergadura eram descartados"
625899244688437248,2015-07-28 05:23:03,28-07-2015 05:23:03,"E aí o governo passa a ser ""responsável"" perante o Parlamento, não perante a nação. Vc acha que isso seria exequível no Brasil?"
625898498391691264,2015-07-28 05:20:05,28-07-2015 05:20:05,"No Parlamentarismo o eleitor escolhe parlamentares. O líder do partido majoritário torna-se líder do país, é incumbido de formar o governo"
625897623480877056,2015-07-28 05:16:36,28-07-2015 05:16:36,"Tecnicamente: no Presidencialismo, o eleitor escolhe diretamente o chefe de Estado que passa  a ser ""responsável"" perante a Nação."
625895990298583040,2015-07-28 05:10:07,28-07-2015 05:10:07,"Noutras palavras: o parlamentarismo é um sistema ""mangeur d'hommes"" (""devorador de homens""). Temos toda essa abundância?"
625895150733103104,2015-07-28 05:06:47,28-07-2015 05:06:47,"Já imaginaram que o aconteceria se algo dessa natureza fosse instituído entre nós? Quanta turbulência, quanta chantagem política!!"
625894516051083264,2015-07-28 05:04:15,28-07-2015 05:04:15,"O Parlamento, por sua vez, pode votar uma ""moção de desconfiança"" contra o governo. Se aprovada, o governo cai."
625893834787061760,2015-07-28 05:01:33,28-07-2015 05:01:33,"Se o Executivo propõe uma determinada medida (um projeto) ao Parlamento e este a rejeita, significa que o governo ""perdeu a confiança"". Cai."
625892457251782656,2015-07-28 04:56:04,28-07-2015 04:56:04,"Resp política: significa que o Executivo tem que ter aprovação, o apoio específico do Legislativo para todas as as suas decisões políticas."
625891280195842050,2015-07-28 04:51:24,28-07-2015 04:51:24,"Fragilizada ou fraturada essa maioria, automaticamente o governo cai. O nome técnico desse mecanismo: ""responsabilidade política""."
625890596121616384,2015-07-28 04:48:41,28-07-2015 04:48:41,Parlamentarismo é um sistema em que a perenidade/estabilidade do governo depende do apoio e fidelidade de uma sólida maioria no Parlamento.
625889685894733824,2015-07-28 04:45:04,28-07-2015 04:45:04,Outro exemplo? Itália: do fim da segunda guerra mundial até os anos 90. A mesma brutal instabilidade política!!! Por que? Explico.
625889113527468032,2015-07-28 04:42:47,28-07-2015 04:42:47,"Exemplos? França, de 1871 a 1958: por força da ausência de maiorias estáveis no Parlamento, os governos eram derrubados a cada 6/7 meses."
625888304349769729,2015-07-28 04:39:34,28-07-2015 04:39:34,"Parlamentarismo: é um sistema que, se for mal desenhado, mal concebido, pode provocar enorme instabilidade política."
625887592224006145,2015-07-28 04:36:45,28-07-2015 04:36:45,"Sistema de governo parlamentarista é algo que não combina com nossa índole, nos é estranho. Seria um salto no escuro, uma aventura."
621107237424099328,2015-07-15 00:01:19,15-07-2015 00:01:19,"Não dá, né?"
621106422680580096,2015-07-14 23:58:05,14-07-2015 23:58:05,"Eis a resposta: Paulinho da Força, Rui Falcão, Roberto Freire, Siqueira, Lupi e outros do mesmo naipe. Vc quer isso?"
621104897895833600,2015-07-14 23:52:01,14-07-2015 23:52:01,Agora vem a pergunta crucial: vc sabe a quem caberiam as decisões políticas supremas  no Brasil se vivêssemos sob o regime parlamentarista?
621104110423703552,2015-07-14 23:48:54,14-07-2015 23:48:54,"Membros desse  Gabinete? Líderes e representantes de partidos que formam uma ""maioria"" no Parlamento. O governo ""sai"" dessa maioria."
621102872831369217,2015-07-14 23:43:59,14-07-2015 23:43:59,Parlamentarismo é um sistema de governo em que as decisões políticas supremas são tomadas por um colegiado chamado Gabinete.
621102352574119937,2015-07-14 23:41:55,14-07-2015 23:41:55,"Em breve darei explicações técnicas e práticas sobre parlamentarismo. Por enquanto, retenham o seguinte:"
621101949090447360,2015-07-14 23:40:18,14-07-2015 23:40:18,"De propósito, amigos, eu não falei em parlamentarismo. Esqueçam isso! Se vocês souberem como funciona, vão ficar horrorizados."
621100556300500992,2015-07-14 23:34:46,14-07-2015 23:34:46,"Lincoln, F.D. Roosevelt, Getúlio apesar do caráter não democrático do regime, Kennedy, Lula, Mitterrand (semipresidencialismo),  Clinton etc"
621099081084071936,2015-07-14 23:28:55,14-07-2015 23:28:55,O sistema presidencial de governo tem virtualidades que poucos homens de Estado são capazes de captar. Querem exemplos?
621097774730321920,2015-07-14 23:23:43,14-07-2015 23:23:43,"Passados somente oito meses, o que se vê: um final de presidência fulgurante, especialmente em matéria de política externa. Como?"
621096653366427648,2015-07-14 23:19:16,14-07-2015 23:19:16,Não foram poucos os que prognosticaram um fim melancólico para a presidência Barack Obama após as eleições de novembro de 2015. Huuum!!!
621006886960254976,2015-07-14 17:22:34,14-07-2015 17:22:34,"Extirparam da Grécia o que um país tem de mais sagrado: a sua soberania, a sua dignidade. Aguardem no que isso vai dar..."
621006055150120961,2015-07-14 17:19:15,14-07-2015 17:19:15,Grécia: os europeus sabem melhor que ninguém o que ocorre em seguida à imposição de condições humiliantes a uma determinada nação!
621004734611214336,2015-07-14 17:14:01,14-07-2015 17:14:01,"Grécia: A Europa não perde mesmo o seu velho ""vezo colonial""! Só que agora ""submete"" à sua bota um país da sua própria órbita."
621003553935638528,2015-07-14 17:09:19,14-07-2015 17:09:19,"Acordo UE/Grécia: ""Um Catálogo de Crueldades"", segundo a revista alemã ""Der Spiegel""."
617578702646460416,2015-07-05 06:20:11,05-07-2015 06:20:11,"Adorei tua resposta, Maju. Nem te conto o que se passou comigo nos 11 anos em que ocupei posição de alta responsabilidade e visibilidade..."
617577744604491776,2015-07-05 06:16:23,05-07-2015 06:16:23,"Pois é, Maju. Aqui é assim. O pior é que boa parte dessa gente ainda se acha relevante, tem veleidades de ser vista como pessoas civilizadas"
616448177563140096,2015-07-02 03:27:53,02-07-2015 03:27:53,"O texto acima citado é o artigo 60, parág 5 da Constituição brasileira. Tem tudo a ver com o que se passa neste momento na C. dos Deputados"
616446585636040704,2015-07-02 03:21:33,02-07-2015 03:21:33,Matéria constante de proposta de emenda rejeitada ou havida por prejudicada NÃO pode ser objeto de nova proposta na mesma sessão legislativa
616110817126293506,2015-07-01 05:07:20,01-07-2015 05:07:20,"Ah! esqueci de dizer: considero o Celso Amorim o nosso melhor chanceler em 100 anos, apesar da sofreguidão na criação de embaixadas"
616108646762741760,2015-07-01 04:58:42,01-07-2015 04:58:42,"Bem, parlamentarismo fica para outro momento! E, parodiando os nossos brilhantes e honrados diplomatas: good night! Kkk"
616108050726957056,2015-07-01 04:56:20,01-07-2015 04:56:20,p acalmar os diplomatas: sempre fui contra os privilégios nocivos de certas carreiras de prestígio do serviço público. São péssimos p o país
616105474337976324,2015-07-01 04:46:06,01-07-2015 04:46:06,"Dica à Presidente Dilma: reduza drasticamente o número de Embaixadas e designe os diplomatas ""sobejantes"" para outros setores."
616104082516873216,2015-07-01 04:40:34,01-07-2015 04:40:34,Diplomacia: Degaut expõe o que sempre achei: o crescimento expressivo do número de embaixadas foi feito em proveito dos diplomatas. Só
616102972179746816,2015-07-01 04:36:09,01-07-2015 04:36:09,3) o que fazem os membros do TCU quando inspecionam algumas de nossas embaixadas?
616102522697216000,2015-07-01 04:34:22,01-07-2015 04:34:22,2) a base legal em que o Itamaraty se funda para pagar salários nababescos de 25.000/30.000 dólares para alguns embaixadores no exterior
616101898681196544,2015-07-01 04:31:53,01-07-2015 04:31:53,Diplomacia: seria bem interessante que o prof Degaut abordasse: 1) o caráter suntuosíssimo de algumas das nossas embaixadas. Pode?
616099201143980033,2015-07-01 04:21:10,01-07-2015 04:21:10,Diplomacia: o artigo do Degaut traz dados irrespondíveis que seguramente a diplomacia brasileira nunca quis revelar. Há mais coisas.
616097419256832000,2015-07-01 04:14:05,01-07-2015 04:14:05,"Política externa: recomendo vivamente o artigo ""Diplomacia de resultados"", de Marcos Degaut, publicado na página 3 da Folha de 30/6"
616045701093568513,2015-07-01 00:48:35,01-07-2015 00:48:35,é provável que muitos dentre os que querem nos impor o parlamentarismo pouco saibam sobre esse sistema e como ele funciona na prática!
616043349875757056,2015-07-01 00:39:14,01-07-2015 00:39:14,"Por falar em ""maioria"" parlamentar, em breve esclarecerei outra enorme insensatez que essa turma quer nos impor: o parlamentarismo!"
616042614580715520,2015-07-01 00:36:19,01-07-2015 00:36:19,Maioridade penal: desconfiemos dos propósitos e da ideologia dessa maioria parlamentar que quer impor a sua agenda ao nosso país.
616041709668052993,2015-07-01 00:32:43,01-07-2015 00:32:43,"Ao visitar um centro de confinamento de menores de um estado do Nordeste, presenciei umas das mais chocantes cenas de horror da minha vida."
616039779789086720,2015-07-01 00:25:03,01-07-2015 00:25:03,Maioridade penal: a violência já é uma das marcas do Brasil. Estão adicionando um poderoso combustível a essa violência. Aguardem.
616038626078687232,2015-07-01 00:20:28,01-07-2015 00:20:28,"Maioridade penal: quem conhece as prisões brasileiras (e os estabelecimentos de ""ressocialização"" de menores) não apoia essa insensatez"
616037595479416833,2015-07-01 00:16:22,01-07-2015 00:16:22,"Maioridade penal: eu apoio integralmente a posição do governo federal, contrária à redução da maioridade penal. Estão brincando com fogo!"
615695515376861185,2015-06-30 01:37:04,30-06-2015 01:37:04,"esqueci de dizer: ""colaboração"" ou ""delação"" premiada é um instituto penal-processual previsto em lei no Brasil! Lei!!!"
615692661438185472,2015-06-30 01:25:44,30-06-2015 01:25:44,Reflitamos coletivamente: vocês estão vendo o estrago que a promiscuidade entre dinheiro de empresas e a política provoca nas instituições?
615691872414113792,2015-06-30 01:22:36,30-06-2015 01:22:36,Caberia à assessoria informar a Presidente que: atentar contra o bom funcionamento do Poder Judiciário é crime de responsabilidade!
615690191366397953,2015-06-30 01:15:55,30-06-2015 01:15:55,"Porém, a Constituição não autoriza o Presidente a ""investir políticamente"" contra as leis vigentes, minando-lhes as bases."
615688758084681730,2015-06-30 01:10:13,30-06-2015 01:10:13,nossa Constituição outorga ao presidente a prerrogativa de vetar um projeto ou de impugnar uma lei perante o STF por inconstitucionalidade.
615687135132262400,2015-06-30 01:03:46,30-06-2015 01:03:46,Zelar pelo respeito e cumprimento das leis do país: esta é uma das mais importantes missões constitucionais de um presidente da República!
615686492531335168,2015-06-30 01:01:13,30-06-2015 01:01:13,"Assessoria  da Presidente deveria ter lhe informado o significado da expressão ""law enforcement"": cumprimento e aplicação rigorosa das leis."
615685629918216192,2015-06-30 00:57:47,30-06-2015 00:57:47,Há algo profundamente errado na nossa vida pública. Primeiro: nunca vi um Chefe de Estado tão mal assessorado como a nossa atual Presidente.
603712649654833152,2015-05-28 00:01:26,28-05-2015 00:01:26,"Quebra-cabeça: a lei doméstica seria incontrastável em razão da ""soberania do Parlamento"", e fugiria ao controle jurisdicional da Corte!"
603711660302462978,2015-05-27 23:57:30,27-05-2015 23:57:30,"Foi com espanto que vi o governo conservador, recém-reeleito, afirmar que pretende aprovar uma lei doméstica de DH, que afastaria a CEDH."
603710786536603648,2015-05-27 23:54:02,27-05-2015 23:54:02,"Aí, sob Tony Blair, o país aderiu à  Convenção Européia de Direitos Humanos, e criou uma Corte Suprema para dar-lhe efetividade."
603701451626520576,2015-05-27 23:16:56,27-05-2015 23:16:56,"Direitos Humanos:vejam só!Há até bom pouco a Grã Bretanha não tinha uma ""carta"" de Direitos Humanos, um corpo de normas visível e vinculante"
603692964435591169,2015-05-27 22:43:13,27-05-2015 22:43:13,"3) é imprescindível que os juízes se mantenham, na medida do possível, a uma ""distância regulamentar"" dos políticos. É saudável."
603692362590777345,2015-05-27 22:40:49,27-05-2015 22:40:49,"2) é preferível que nenhum  juiz tenha expectativa de promoção, obtendo algum tipo de recompensa financeira para esse ""imobilismo"" funcional"
603689425739079682,2015-05-27 22:29:09,27-05-2015 22:29:09,1) juiz deve ter remuneração muito elevada para não ter preocupações de ordem material. É fator primordial de sua independência.
603686865405870080,2015-05-27 22:18:59,27-05-2015 22:18:59,"Justiça independente, eficiente e com ""braços de largo alcance"" depende de legislação ousada, mas alguns requisitos são necessários:"
603685880310734848,2015-05-27 22:15:04,27-05-2015 22:15:04,É o combate internacional à corrupção em marcha...
603678300460945408,2015-05-27 21:44:57,27-05-2015 21:44:57,Para os brasileiros fanáticos por futebol: resta ainda  algum  futuro para a FIFA e para a CBF como instituição de comando desse esporte?
603677267596808192,2015-05-27 21:40:51,27-05-2015 21:40:51,"FIFA: em abstrato alertei em palestras ultimamente para o risco, alcance e eficiência da Justiça dos EUA em matéria de combate à corrupção."
603326865038811136,2015-05-26 22:28:28,26-05-2015 22:28:28,Não seria mais enriquecedor se a ABL tambem tivesse em sua composição escritores estrangeiros que se expressam em nossa língua?
603325191213682688,2015-05-26 22:21:49,26-05-2015 22:21:49,"Laferrière ocupará na Academia francesa a cadeira que no passado pertenceu a Montesquieu e Alexandre Dumas, filho."
603324788094935042,2015-05-26 22:20:13,26-05-2015 22:20:13,No site da Academia (http://t.co/M8uM0LQKxw) pode-se ler uma curta mas elucidativa biografia  de Laferrière. Interessante.
603322175970488321,2015-05-26 22:09:50,26-05-2015 22:09:50,Dany Laferrière. Anotem o nome desse escritor haitiano-canadense. Ele será empossado na quinta 28 na Academia Francesa.
600890857034768384,2015-05-20 05:08:38,20-05-2015 05:08:38,"Nos 4 tweets de19/5, não me referi à PEC da Bengala, mas a um embrião de PEC que daria poder às 2 Câmaras para nomear ministros para o STF."
600789204323434497,2015-05-19 22:24:43,19-05-2015 22:24:43,"Não raro, quando têm a prerrogativa de indicar ou nomear,  os parlamentares escolhem ex-colegas, amigos, estafetas, lacaios. Queremos isso?"
600787710362710017,2015-05-19 22:18:46,19-05-2015 22:18:46,"Nomeação de juízes por parlamentares: se isso vier a acontecer, será um desastre para o Brasil. Por que?"
600786582153646080,2015-05-19 22:14:17,19-05-2015 22:14:17,"Não satisfeitos com o foro privilegiado, agora os parlamentares querem ter  a prerrogativa de ""nomear"" juízes para os tribunais!!!"
600782352193822720,2015-05-19 21:57:29,19-05-2015 21:57:29,"Alguém se lembra de quando eu disse numa entrevista: ""o foro privilegiado é a racionalização da impunidade""? Pois bem."
599462227268231168,2015-05-16 06:31:47,16-05-2015 06:31:47,"efeito deletério inicial da PEC: mesmo a emenda não lhes sendo aplicáveis, já há juízes que  obtiveram liminar para permanecerem nos cargos"
599459057880170496,2015-05-16 06:19:11,16-05-2015 06:19:11,"2) do outro lado, haverá hordas de juízes de pires na mão, próximos dos 70, ansiosos para ganhar 5 anos adicionais de serviço."
599457732731756545,2015-05-16 06:13:55,16-05-2015 06:13:55,Pensem na quantidade de parlamentares que respondem a inquéritos e processos perante o STF. Ganharam um boost!
599456649896665088,2015-05-16 06:09:37,16-05-2015 06:09:37,A re-sabatina suscitará: 1) chantagem sobre aqueles que desejarem continuar no cargo após os 70. Por que?
599452026880270336,2015-05-16 05:51:15,16-05-2015 05:51:15,"Mais: para um bom número de magistrados ávidos para continuar nos cargos até os 75, essa perda de independência se iniciará bem antes dos 70"
599451064291721216,2015-05-16 05:47:25,16-05-2015 05:47:25,PEC da Bengala: a re-sabatina enfraquece a independência do magistrado. Subjuga-o. Coloca-o de pires na mão diante dos senadores
599449019878866944,2015-05-16 05:39:18,16-05-2015 05:39:18,Obrigar um magistrado estável na função à humilhação de ter de se submeter a uma nova sabatina é miná-lo no que ele tem de mais precioso.
599447557975240704,2015-05-16 05:33:29,16-05-2015 05:33:29,"P Bengala: aparentemente, se quis impor uma nova sabatina aos ministros que, ao completarem 70 anos, queiram permanecer no cargo até 75."
599445319470972930,2015-05-16 05:24:35,16-05-2015 05:24:35,"PEC Bengala: se o STF não declarar a inconstitucionalidade parcial do seu art 2, o Judiciário terá sofrido o maior golpe em décadas. Explico"
599442466530578433,2015-05-16 05:13:15,16-05-2015 05:13:15,"PEC da Bengala: em país democrático, quanto menos se mexe em em certos pilares fundamentais do regime, melhor. A magistratura é um deles."
599436479476142080,2015-05-16 04:49:28,16-05-2015 04:49:28,"PEC da bengala: deixei passar um tempinho para emitir minha opinião sobre o que me parece ser o seu aspecto mais nocivo, perigoso."
591102473785446400,2015-04-23 04:53:06,23-04-2015 04:53:06,"Não, amigo. Há TV boa nos EUA, na Europa&amp;Alhures. Exemplos: PBS nos EUA; BBC na GB; France 2; ARTE, França-Alemanha; Die Erste na Alemanha."
591099573940178944,2015-04-23 04:41:35,23-04-2015 04:41:35,"TV Globo: merece aplausos a sua política de ""não descartar"" suas repórteres mais experientes à medida que elas avançam...em idade!"
591098463460417536,2015-04-23 04:37:10,23-04-2015 04:37:10,"Globo: fez pouco, mas já fez mais do que os seus concorrentes na ainda discreta porém consistente inclusão de negros no seu jornalismo."
591096974558023680,2015-04-23 04:31:15,23-04-2015 04:31:15,"Dono do sotaque e da imagem impactante q lhe era um complemento indissociável?Caetano Veloso e sua imensa cabeleira, a voz arrastada."
591095413848969216,2015-04-23 04:25:03,23-04-2015 04:25:03,"Globo: relato pessoal. Foi com absoluto espanto que, adolescente  e p 1a vez no Rio, eu vi&amp;ouvi&amp;me deliciei com o fantástico sotaque baiano"
591092714747273216,2015-04-23 04:14:19,23-04-2015 04:14:19,"A Globo aproximou milhões de brasileiros a outros brasileiros, via língua, cultura, sotaques jamais antes imaginados."
591090976824938496,2015-04-23 04:07:25,23-04-2015 04:07:25,Parabens à cinquentona TV Globo e aos profissionais que a construíram pedra-sobre-pedra!
590731057714110466,2015-04-22 04:17:14,22-04-2015 04:17:14,R$ 900 milhões p/ partidos políticos: procure saber em detalhes como essa montanha de dinheiro é gerida pelos caciques partidários.
590730279532290048,2015-04-22 04:14:08,22-04-2015 04:14:08,Escárnio: Congresso aprova verba de quase 900 milhões anuais para partidos políticos. Para que doações de empresas privadas?
587280577184825344,2015-04-12 15:46:15,12-04-2015 15:46:15,"Ministro Paulo Brossard, uma grande inspiração profissional. Externo meus votos de condolências à sua família."
586273789815758850,2015-04-09 21:05:38,09-04-2015 21:05:38,Vaccari: calar-se quando indagado sobre fatos que podem incriminá-lo é direito assegurado pela Constituição. Nem é preciso ordem judicial.
581610109517893632,2015-03-28 00:13:50,28-03-2015 00:13:50,"Boa escolha: Renato Janine Ribeiro, ministro da Educação. Oxalá alguém de igual calibre e estatura moral seja escolhido para o STF!"
580143467675824128,2015-03-23 23:05:55,23-03-2015 23:05:55,Patrimonialismo: somas  colossais de dinheiro público repassadas a artistas consagrados com base na Lei Rouanet. Ver Globo online sobre HSBC
580139433896361984,2015-03-23 22:49:54,23-03-2015 22:49:54,Permitir doação de empresa p campanhas eleitorais em país que tem o patrimonialismo no seu DNA só podia dar nisso: colossal corrupção!
578415489564741632,2015-03-19 04:39:33,19-03-2015 04:39:33,"RT @lugaabs: @joaquimboficial, lembra do seu diagnóstico preocupante a respeito do sistema prisional do RN? Ele está sendo refletido agora.…"
578409412026568704,2015-03-19 04:15:24,19-03-2015 04:15:24,"Dica de um ""livraço"" em 3 volumes: ""Getúlio"", de Lira Neto."
578221562060513280,2015-03-18 15:48:57,18-03-2015 15:48:57,"Maria Eugênia Deda, sabe que eu penso como vc sobre a foto? Vou providenciar a troca. Obrigado."
578219816663789568,2015-03-18 15:42:01,18-03-2015 15:42:01,Tenho agora um novo meio de contato: o website da minha empresa de palestras e cursos: http://t.co/RIsMeEBuPD
577239051490746370,2015-03-15 22:44:49,15-03-2015 22:44:49,"Num dia como o de hj, achei um erro botar ministros de Estado para falar. O momento era para a Chefe de Estado se dirigir à Nação. Ponto."
577237169623957504,2015-03-15 22:37:20,15-03-2015 22:37:20,Min Cardozo insiste num erro deliberado e frequente: o de insinuar que as iniciativas do MPF e da PF são impulsionadas pelo Governo.
577235882891153408,2015-03-15 22:32:13,15-03-2015 22:32:13,Corretíssimas as observações do min Rossetto sobre o erro daqueles que pedem o retorno dos militares. Seria um imenso retrocesso p o Brasil.
577228288520790016,2015-03-15 22:02:03,15-03-2015 22:02:03,"bastante apropriada até o momento a fala do Min da Justiça, especialmente o tema relativo ao fim do dinheiro de empresas nas campanhas"
575547506735587328,2015-03-11 06:43:13,11-03-2015 06:43:13,Partidos são meros instrumentos. Nossa nação não se construiu e tampouco se define à luz de momentâneos interesses partidários.
575546305776324608,2015-03-11 06:38:27,11-03-2015 06:38:27,Muitos vêem o que se passou ontem na CD sob ótica puramente partidária. É um tremendo erro. Por que?
575545487597633536,2015-03-11 06:35:12,11-03-2015 06:35:12,"Como milhões de brasileiros, vi a programação da TV Câmara ontem. Chocante."
575538997465858049,2015-03-11 06:09:24,11-03-2015 06:09:24,"Por que fiz esses 3 últimos posts sobre História? Porque no Brasil pouca gente pensa nas ""voltas"" e nas ""peças"" que a História dá e aplica."
575537306926510080,2015-03-11 06:02:41,11-03-2015 06:02:41,3) nem o mais radical bolchevique imaginaria lá pelos idos de 1914 que a 1a guerra mundial facilitaria a queda do regime czarista da Rússia
575536028997521409,2015-03-11 05:57:36,11-03-2015 05:57:36,"2) em 15/11/1889, nem mesmo o general Deodoro da Fonseca tinha em mente derrubar o regime imperial sob o qual o Brasil vivia. Aconteceu."
575534759629160448,2015-03-11 05:52:34,11-03-2015 05:52:34,1) quem diria em maio de 1789 que aquele convescote estranho  realizado em Versalhes iria desembocar na terrível revolucão francesa?
575532423489982464,2015-03-11 05:43:17,11-03-2015 05:43:17,"Vamos mudar de assunto? Que tal falarmos um pouco de História? Acho importante no momento atual. Farei 3 singelos posts, p reflexão."
575528061963206656,2015-03-11 05:25:57,11-03-2015 05:25:57,"Dica:  ""Selma"". Ótima obra cinematográfica. Forte. Mil vezes melhor do que o filme que ganhou o ""Oscar"" de melhor filme, ""Birdman""."
570834972145258496,2015-02-26 06:37:17,26-02-2015 06:37:17,@renattaamaral é: Joaquim Barbosa Gomes
570593455870754817,2015-02-25 14:37:35,25-02-2015 14:37:35,"Dica: Modesto Carvalhosa sobre a Lei Anticorrupção. Leiam em especial o tópico ""Corrupção Pública no Brasil"". Forte, sem meias-palavras."
568471596874260480,2015-02-19 18:06:05,19-02-2015 18:06:05,"Exemplo? No meio do julgamento da ap 470, o saudoso Marcio T Bastos pediu-me para ser recebido. Recebi-o, na presença do PGR."
568470828729417728,2015-02-19 18:03:01,19-02-2015 18:03:01,"No processo judicial nao devem existir encontros ""en catimini"", às escondidas, entre o juiz e uma das partes. Igualdade de armas é o lema."
568470320807596032,2015-02-19 18:01:00,19-02-2015 18:01:00,"Explico: o processo judicial cuida de interesses ferrenhamente  contrapostos. Tem de ser transparente, dar igualdade de chances às partes"
568469434236579841,2015-02-19 17:57:29,19-02-2015 17:57:29,"Eu recebia advogados? Sim, recebi-os às centenas! Mas informava a parte contrária, para que ela pudesse estar presente, se quisesse. P que?"
568468138716741632,2015-02-19 17:52:20,19-02-2015 17:52:20,"Noblat disse que eu queria aparecer! Qual a sua isenção, se eu o processei por racismo? Falta-lhe tbm isenção p outras razões."
568466937178669058,2015-02-19 17:47:34,19-02-2015 17:47:34,Desvirtuamento: passou-se a falar sem parar sobre direito de advogado ser recebido por autoridades; que eu nao recebia advogados!
568466286197534720,2015-02-19 17:44:58,19-02-2015 17:44:58,"S o q eu falei? S matéria jornalística em que se relatava uma tentativa de interferência da Política em assunto ""jurisdicionalizado"". Só."
568465025335222272,2015-02-19 17:39:58,19-02-2015 17:39:58,Incrível como torcem e retorcem o que eu digo! O objetivo é claro: desviar a atenção da essência daquilo que foi objeto do meu comentário.
567764940636057602,2015-02-17 19:18:05,17-02-2015 19:18:05,"Iniciei ciclo de palestras dedicadas ao mundo empresarial sobre aplicação e impacto da lei anticorrupção nas empresas, sobretudo as globais."
567682122019004416,2015-02-17 13:48:59,17-02-2015 13:48:59,"Às ""Plumes-à-gage"" furiosas com meus comentários: experimentem ser livres! Sei que isso seria extremamente penoso e ""custoso"" para vcs."
567681060847509504,2015-02-17 13:44:46,17-02-2015 13:44:46,"""Cidadão livre"": livre das amarras do cargo público. Cidadão na plenitude dos seus direitos, pronto p opinar sobre as questões da ""Pólis""."
567680454221127680,2015-02-17 13:42:21,17-02-2015 13:42:21,S/ as reações aos meus posts recentes sobre confusão entre Política e Justiça: meus críticos fingem não saber que hj sou um cidadão livre.
567520011699638273,2015-02-17 03:04:49,17-02-2015 03:04:49,Os que recorrem à política para resolver problemas na esfera judicial nao buscam a Justiça. Buscam corrompê-la. É tão simples assim.
567519496970452992,2015-02-17 03:02:46,17-02-2015 03:02:46,"Se vc é advogado num processo criminal e entende que a polícia cometeu excessos/deslizes, vc recorre ao juiz. Nunca a políticos!"
566839416602501120,2015-02-15 06:00:22,15-02-2015 06:00:22,RT @gnatalini: Zé Eduardo Cardoso. Não ouse atrapalhar a investigação da Lava Jato. Você é Ministro da Justiça do Brasil. Não pode proteger…
566727145461133313,2015-02-14 22:34:15,14-02-2015 22:34:15,"Ajuda à memória coletiva: pesquisem sobre 1 controvertida decisão do TCU de jun/jul 2012, pouco antes do início do julgamento da Ap 470."
566725443814821888,2015-02-14 22:27:29,14-02-2015 22:27:29,"Reflita: vc defende alguém num processo judicial. Ao invés de usar argumentos/métodos jurídicos perante o juiz,  vc vai recorrer à Política?"
566719304092381184,2015-02-14 22:03:05,14-02-2015 22:03:05,"Nós, brasileiros honestos, temos o direito e o dever de exigir que a Presidente Dilma demita imediatamente o Ministro da Justiça."
562823005731315713,2015-02-04 04:00:35,04-02-2015 04:00:35,"@Jbarbosa2014 é fake, nada tem a ver comigo. A minha conta de tweeter verdadeira é esta aqui: @joaquimboficial. Joaquim Barbosa."
557743954243117056,2015-01-21 03:38:15,21-01-2015 03:38:15,Notem: já viram aquele púlpito nos jardins da Casa Branca? É ali que que o Presidente dos EUA quase diariamente presta contas à Nação!
557743304218271746,2015-01-21 03:35:40,21-01-2015 03:35:40,"2.2) mesmo em situações de crise ética, moral e de gestão, nossos presidentes nao vêem necessidade de prestar contas à Nação."
557741618619760643,2015-01-21 03:28:58,21-01-2015 03:28:58,"2.1) Brasil: uma vez eleito, o Presidente raramente se julga no dever de de explicar à Nação a situação do país, salvo quando tem a ganhar."
557739715462705152,2015-01-21 03:21:25,21-01-2015 03:21:25,2) Brasil: o Presidente nao comparece ao Congresso. Envia um subordinado que lerá um papelucho qualquer aos parlamentares!
557739021926166528,2015-01-21 03:18:39,21-01-2015 03:18:39,1.3) o respeito pelas instituições: o Presidente entra no Congresso e é aplaudido de pé pelos seus correligionários e pela oposição.
557738287503527938,2015-01-21 03:15:44,21-01-2015 03:15:44,1.2) EUA: quantas mudanças em 50 anos! Vejam a importante diversidade racial e de gênero espelhada na platéia!
557737218945851392,2015-01-21 03:11:29,21-01-2015 03:11:29,"1.1) EUA: ao invés de cooptar o Congresso com o toma-lá-dá-cá, o Presidente expõe os seus planos e incita o Congresso a aprová-los."
557736439149232130,2015-01-21 03:08:23,21-01-2015 03:08:23,"1) EUA: transparência/responsabilidade p c o povo: cercado pelas mais altas autoridades do país, o Presidente se expõe perante a Nação."
557733064995254275,2015-01-21 02:54:59,21-01-2015 02:54:59,"Como o Brasil copiou o presidencialismo dos EUA em 1891, permitam-me fazer algumas comparações, à luz do discurso do Obama."
557732518712324097,2015-01-21 02:52:49,21-01-2015 02:52:49,"Querem uma dica? Vejam o discurso ""O Estado da União"" que o presidente Obama pronunciou hj perante o Congresso dos EUA."
557688273641164800,2015-01-20 23:57:00,20-01-2015 23:57:00,Gabeira: os programas sobre o homem solitário do litoral do RJ e sobre o Maranhão ilustram muito bem o que acabo de dizer.
557687490187120642,2015-01-20 23:53:53,20-01-2015 23:53:53,"O que o Gabeira faz não é jornalismo, é serviço de utilidade pública, de educacão, de conscientização social, de civismo. Magnífico!"
553027620338933760,2015-01-08 03:17:14,08-01-2015 03:17:14,Como o fanatismo pode levar seres humanos a cometer monstruosidades como a de ontem em Paris!
553026301544914944,2015-01-08 03:11:59,08-01-2015 03:11:59,"RT @gtoueg: ""Ninguém merece morrer por uma piada, mesmo racista. Basta não rir ou reagir com bom humor"" http://t.co/9rVcM5z3i0 @gugachacra"
547142103281963009,2014-12-22 21:30:17,22-12-2014 21:30:17,"Min Público é órgão de contenção do poder político. Existe para controlar-lhe os desvios, investigá-lo, não p assessorá-lo. Du jamais vu!"
547140669568196608,2014-12-22 21:24:35,22-12-2014 21:24:35,"Onde estão os áulicos tidos como candidatos a uma vaga no STF, que poderiam esclarecer: ""Ministério Público não é órgão de assessoria!!!"
547133920517836801,2014-12-22 20:57:46,22-12-2014 20:57:46,Há sinais claros de que a chefe do Estado brasileiro não dispõe de pessoas minimamente lúcidas para aconselhá-la em situações de crise
547131612157472770,2014-12-22 20:48:36,22-12-2014 20:48:36,Que degradação institucional! Nossa presidente vai consultar órgão de persecução criminal antes de nomear um membro do seu governo!!!
544559271334391808,2014-12-15 18:27:02,15-12-2014 18:27:02,"Meu respeito e minhas homenagens a um grande brasileiro: o Senador Pedro Simon, que se despediu do Senado da República."
542890916038860800,2014-12-11 03:57:35,11-12-2014 03:57:35,"RT @SergiusAugustus: Os 4 melhores beijos cinematográficos do ano.&gt;http://t.co/vxXO14q840
Ok, há controvérsias. Pela primeira vez, achei Re…"
542762995047497728,2014-12-10 19:29:16,10-12-2014 19:29:16,2) the ousting of a congressman by his peers for his involvement in this disgusting scheme. A new check for the Brazilian political system?
542761227978829824,2014-12-10 19:22:15,10-12-2014 19:22:15,2 major steps in Brazil's Petrobras corruption scandal: the Attorney General's request that the company's top management should be fired
541362791589117954,2014-12-06 22:45:22,06-12-2014 22:45:22,"@AntonioJLechuga estimado Lechuga, el libro es fantastico, muy bien escrito!"
539402531584376832,2014-12-01 12:55:59,01-12-2014 12:55:59,https://t.co/yjN3QPOPsp
538181611662368768,2014-11-28 04:04:29,28-11-2014 04:04:29,RT @JornalOGlobo: A autobiografia inédita de um escravo africano no Brasil. http://t.co/jxfh4O2o7E http://t.co/WL4D187sIO
537781519256154112,2014-11-27 01:34:40,27-11-2014 01:34:40,RT @folha: A ex-modelo viciada em crack e o nosso racismo implícito http://t.co/KcpJ4U8xHq http://t.co/eymoUSX24O
535997012131717121,2014-11-22 03:23:40,22-11-2014 03:23:40,"@Andreiarosario apoio em que sentido, Andréia? Nao entendi."
535485571322642432,2014-11-20 17:31:23,20-11-2014 17:31:23,"Amigos, alerta: a nossa maior empresa perdeu 20% do seu valor este ano; US$ 1,8 bi saiu do país na semana passada. É isso o que importa!"
535467472586280961,2014-11-20 16:19:28,20-11-2014 16:19:28,"Está no Brasil a fazer conferências o escritor Javier Moro, autor de O Império é Você/El Imperio eres tu, sobre D. Pedro I. Não percam!"
535463251619115008,2014-11-20 16:02:42,20-11-2014 16:02:42,"Meus votos de pesar à família do dr Marcio T Bastos, um exemplar ministro da Justiça do Brasil e defensor criminal de primeira linha."
534520097399123969,2014-11-18 01:34:56,18-11-2014 01:34:56,"RT @mottacl: @joaquimboficial Prezado, tomei a liberdade de anexar o link deste artigo (Forte Abraço) - http://t.co/aIzE956W4E"
534180874250883074,2014-11-17 03:06:59,17-11-2014 03:06:59,"Ezequiel Adamovsky: ""Historia de la Clase Media Argentina - Apogeo y decadencia de una ilusión, 1919-2003"". Muito esclarecedor."
534179660356399105,2014-11-17 03:02:10,17-11-2014 03:02:10,"Amigos, mais dicas de bons livros: ""Historia Comparada Argentina-Brasil"", de Fernando Devoto e Boris Fausto. Muito interessante."
534172648167968768,2014-11-17 02:34:18,17-11-2014 02:34:18,"""!Crear o Morir!"", de Andrés Oppenheimer: um livro de leitura super agradável sobre tema da mais alta relevância: inovação!"
534170697720139778,2014-11-17 02:26:33,17-11-2014 02:26:33,O artigo do professor Renato Janine Ribeiro deveria ser leitura obrigatória nas escolas e universidades brasileiras.
534170235277152256,2014-11-17 02:24:43,17-11-2014 02:24:43,"""A República como Déficit"", artigo de Renato Janine Ribeiro, publicado no Estadão de domingo: um primor de análise sobre o Brasil."
533026224504066048,2014-11-13 22:38:49,13-11-2014 22:38:49,RT @rgodoyjr: Gostei de um vídeo @YouTube http://t.co/S9MWJThPoy de INFOBAE a Gloria Álvarez sobre el populismo en América Latina
529873751148875776,2014-11-05 05:52:01,05-11-2014 05:52:01,RT @Valfonis: @joaquimboficial Pago em NYC uma tarifa unica de US$ 60.00 para ter internet/internaional/talk and text ilimitados !!
525893660341055488,2014-10-25 06:16:33,25-10-2014 06:16:33,"Em 21/10/14, em conversa c Eduardo Costantini, criador e mantenedor do museu Malba, de B Aires. http://t.co/xIbvw1POT8"
525890916578783232,2014-10-25 06:05:39,25-10-2014 06:05:39,"B Aires, 21/10/14, com R Lorenzetti, presidente Suprema Corte argentina, e L M Ocampo, ex PG Trib Pen Internacional. http://t.co/5yqI1ZV6ML"
525889952626647042,2014-10-25 06:01:49,25-10-2014 06:01:49,"Em Buenos Aires, em 21/10/2014, com Ricardo Lorenzetti, presidente da Corte Suprema da Argentina, e http://t.co/gkKMebGix2"
525886365477896192,2014-10-25 05:47:34,25-10-2014 05:47:34,"Terça, 21/10/2014, em Buenos Aires, com Adolfo Perez Esquivel, Prêmio Nobel da Paz 1980. http://t.co/x6wVlmH6YK"
525061430949969920,2014-10-22 23:09:34,22-10-2014 23:09:34,"Falei hj em B. Aires no congresso da American Bar Association. Muito bom, público de alto nível e interessado nas instituições brasileiras."
523368597306232832,2014-10-18 07:02:51,18-10-2014 07:02:51,"Caro Ed Garcia, equivoquei-me. Meu perfil atualizado no Facebook é Joaquim Barbosa Gomes. Abraço."
522511940044988416,2014-10-15 22:18:48,15-10-2014 22:18:48,Alguém precisa dizer ao senador Vital do Rego o exato sentido e a extensão do princípio de separação dos poderes!
518412247329406976,2014-10-04 14:48:06,04-10-2014 14:48:06,Rodi: nenhuma democracia sobrevive sem alternância de poder. Olhe o nosso entorno e veja a devastação feita p perpetuação de grupos
518410368885219329,2014-10-04 14:40:38,04-10-2014 14:40:38,"Sim, reitero: a reeleição é o elemento propulsor, o fator multiplicador de práticas de corrupção no nosso país."
517015502582206464,2014-09-30 18:17:56,30-09-2014 18:17:56,RT @paulocoelho: Que honra ver o Expresso 2222 aqui em casa por 5 dias! Viva @Floragil2222 e @gilbertogil http://t.co/RkBZvH916p
517001828941447168,2014-09-30 17:23:36,30-09-2014 17:23:36,"Linha do tempo: ontem, 29/9, às 15h, apus minhas impressões digitais ao pedido de reinscrição na OAB-DF. A original datava de março 1980"
515355978779602944,2014-09-26 04:23:34,26-09-2014 04:23:34,"Um livro belo, instrutivo e atualíssimo: ""Cidadania no Brasil"", de José Murilo de Carvalho. Incontornável."
515347314941382656,2014-09-26 03:49:09,26-09-2014 03:49:09,RT @tbsorrentino: @joaquimboficial http://t.co/xTcoVTELZ7
514787875968544768,2014-09-24 14:46:08,24-09-2014 14:46:08,Meu sonho: termos dirigentes que saibam o efeito profundo que a educacão disseminada e de qualidade tem sobre o desenvolvimento de um país!
514786345760600065,2014-09-24 14:40:03,24-09-2014 14:40:03,"Claro, abertura de mercado, eliminação dos oligopólios, perfeito! Mas a idéia do ""celular nacional"" é só um exemplo. Factível. Simples."
514783651054505984,2014-09-24 14:29:21,24-09-2014 14:29:21,"Nos EUA,Argentina, U Européia há uma tarifa única para celular, nacional. Nada de interurbano! Por que não aqui? Engodo!"
514782204753612800,2014-09-24 14:23:36,24-09-2014 14:23:36,"Sugestão concreta aos candidatos à presidência: prometer aos brasileiros a redução drástica das tarifas de telefone, p exemplo."
514781561892634624,2014-09-24 14:21:03,24-09-2014 14:21:03,"Atenção: meu perfil no Facebook está sob o nome Joaquim Gomes. Agora, com a mesma foto daqui. Abs a todos."
509796740682502144,2014-09-10 20:13:09,10-09-2014 20:13:09,Pego carona no artigo do Damatta e conclamo nossas autoridades a reduzir drasticamente essa excrescência chamada propaganda eleitoral.
509795965348626433,2014-09-10 20:10:04,10-09-2014 20:10:04,"Recomendo vivamente a leitura do artigo do Roberto Damatta, ""Candidatos, pedintes e profetas"", no Estadão de hj, 10/9."
496512184978276352,2014-08-05 04:25:04,05-08-2014 04:25:04,Lembram-se dos ataques sistemáticos que esse Chaer fez a mim ao longos dos anos? Achava que estava me intimidando! Ignorei-o.
496511415763869696,2014-08-05 04:22:00,05-08-2014 04:22:00,Marcio Chaer e os que o remuneram temem o que vou dizer em breve sobre o assunto.
496509855000436736,2014-08-05 04:15:48,05-08-2014 04:15:48,Qual a causa do ataque gratuito desse tal Marcio Chaer à minha pessoa? É o apoio que dei ha dias ao fim dos embargos auriculares!
496143075333664768,2014-08-04 03:58:21,04-08-2014 03:58:21,"Para conhecer melhor a Argentina, país-irmão, sem os clichês do futebol: ler ""Facundo.."", de D Sarmiento. Um clássico incontornavel!"
494203638118510592,2014-07-29 19:31:43,29-07-2014 19:31:43,"Projeto Camilo Cola: o problema é bem mais abrangente; a nocividade, maior. Discorrerei sobre o assunto no futuro, no momento oportuno."
494202508622184448,2014-07-29 19:27:14,29-07-2014 19:27:14,"Felicito deputado Camilo Cola pela iniciativa do projeto de lei 6732/13 sobre ""embargos auriculares"". É um primeiro passo, positivo."
491406094216884225,2014-07-22 02:15:17,22-07-2014 02:15:17,http://t.co/qWebAWR4Ac
490508586750316544,2014-07-19 14:48:54,19-07-2014 14:48:54,"Sim, ""A Casa dos Budas Ditosos"": livro delicioso; peça de teatro excelente, com desempenho magistral de Fernanda Torres."
490281347291045888,2014-07-18 23:45:56,18-07-2014 23:45:56,"Vizinho de J Ubaldo nos anos 90, ""espiava"" com admiração suas caminhadas diárias, com as indefectíveis bermuda e sandália de dedo."
490280468240404480,2014-07-18 23:42:27,18-07-2014 23:42:27,"Vizinho de J Ubaldo nos anos 90, na General Urquiza, admiração, ""espiava""-o nas caminhadas c"
490277842845188096,2014-07-18 23:32:01,18-07-2014 23:32:01,"O Brasil amanheceu intelectual e espiritualmente mais pobre hoje em razão da morte de João Ubaldo. ""Viva o Povo Brasileiro"", sempre!"
490276315208359937,2014-07-18 23:25:57,18-07-2014 23:25:57,"João Ubaldo deixa um vazio imenso. Com Jorge Amado, integrava o grupo de romancistas vivos de maior impacto sobre minha geração."
487004824555503616,2014-07-09 22:46:12,09-07-2014 22:46:12,Saudável sobrevida latino-americana na Copa!
486637670118862848,2014-07-08 22:27:16,08-07-2014 22:27:16,@TheEconomist f
485489251338166272,2014-07-05 18:23:52,05-07-2014 18:23:52,"Sugestão para terça do meio pra frente: LGustavo, Fernandinho, Paulinho, Ramires ou William; Hulk, Fred. Bernard como arma p segundo tempo."
485179035463712768,2014-07-04 21:51:10,04-07-2014 21:51:10,"Substituição perigosa! Se houver prorrogacao, Henrique será a opcao de ataque?  Técnicos brasileiros substituem mal e tardiamente. Sempre!"
485176272541462529,2014-07-04 21:40:12,04-07-2014 21:40:12,"Por que não fazer mudancas, colocar jogadores com frescor em campo? Com tantos jogadores bons no banco!!!"
485174838819319808,2014-07-04 21:34:30,04-07-2014 21:34:30,"Alívio, finalmente!"
